metric,local_hour,n_servers,weight_col,weight_sum,total_phases,weighted_density,weighted_sd_density,weighted_sem_density,kappa,min_phases
PC1,0.0,8,n_phases,1734.0,1734,0.05059482078938234,0.006891058300532191,0.0032828034732237847,4.0,20
PC1,0.1,8,n_phases,1734.0,1734,0.050316864766475025,0.006973410387389443,0.003322034851768548,4.0,20
PC1,0.2,8,n_phases,1734.0,1734,0.05003303988785456,0.007064408179683731,0.003365384923059675,4.0,20
PC1,0.30000000000000004,8,n_phases,1734.0,1734,0.04974458963138533,0.007164209766172869,0.003412928998362954,4.0,20
PC1,0.4,8,n_phases,1734.0,1734,0.049452756566649915,0.007272835154535086,0.0034646766090555277,4.0,20
PC1,0.5,8,n_phases,1734.0,1734,0.04915877422374234,0.007390146781474464,0.0035205622219136256,4.0,20
PC1,0.6000000000000001,8,n_phases,1734.0,1734,0.048863859378920516,0.007515835456544045,0.003580438542947138,4.0,20
PC1,0.7000000000000001,8,n_phases,1734.0,1734,0.04856920481439108,0.0076494125073911885,0.0036440727755047302,4.0,20
PC1,0.8,8,n_phases,1734.0,1734,0.04827597259429505,0.007790208371611649,0.003711145949452885,4.0,20
PC1,0.9,8,n_phases,1734.0,1734,0.047985287885116884,0.007937377381117628,0.0037812552003817037,4.0,20
PC1,1.0,8,n_phases,1734.0,1734,0.047698233336672655,0.008089908064984845,0.003853918677736674,4.0,20
PC1,1.1,8,n_phases,1734.0,1734,0.047415844029823045,0.008246637994181473,0.003928582616639219,4.0,20
PC1,1.2000000000000002,8,n_phases,1734.0,1734,0.047139102989231664,0.008406272022243621,0.004004630027488529,4.0,20
PC1,1.3,8,n_phases,1734.0,1734,0.0468689372538345,0.00856740273469473,0.004081390437778001,4.0,20
PC1,1.4000000000000001,8,n_phases,1734.0,1734,0.04660621449405059,0.008728531985866646,0.004158150151934572,4.0,20
PC1,1.5,8,n_phases,1734.0,1734,0.046351740162877485,0.008888092545126167,0.0042341625632772864,4.0,20
PC1,1.6,8,n_phases,1734.0,1734,0.046106255167516506,0.009044469063856744,0.004308658142393159,4.0,20
PC1,1.7000000000000002,8,n_phases,1734.0,1734,0.0458704340486315,0.009196017781741665,0.004380853824933939,4.0,20
PC1,1.8,8,n_phases,1734.0,1734,0.04564488365529956,0.00934108459408829,0.004449961618635848,4.0,20
PC1,1.9000000000000001,8,n_phases,1734.0,1734,0.04543014230469645,0.009478021286441818,0.004515196337261755,4.0,20
PC1,2.0,8,n_phases,1734.0,1734,0.0452266794161408,0.009605199900462357,0.004575782444303422,4.0,20
PC1,2.1,8,n_phases,1734.0,1734,0.0450348956089215,0.009721025323065739,0.004630960050271526,4.0,20
PC1,2.2,8,n_phases,1734.0,1734,0.04485512325206202,0.009823946289808946,0.004679990154554064,4.0,20
PC1,2.3000000000000003,8,n_phases,1734.0,1734,0.044687627451646124,0.009912465066204405,0.004722159257458634,4.0,20
PC1,2.4000000000000004,8,n_phases,1734.0,1734,0.0445326074574684,0.009985146120856464,0.004756783491972935,4.0,20
PC1,2.5,8,n_phases,1734.0,1734,0.04439019846563109,0.010040624136116866,0.0047832124399286285,4.0,20
PC1,2.6,8,n_phases,1734.0,1734,0.044260473787455144,0.010077611719395705,0.004800832805561661,4.0,20
PC1,2.7,8,n_phases,1734.0,1734,0.04414344734798657,0.010094907185249032,0.004809072122789603,4.0,20
PC1,2.8000000000000003,8,n_phases,1734.0,1734,0.044039076469832295,0.010091402778778822,0.0048074026727239864,4.0,20
PC1,2.9000000000000004,8,n_phases,1734.0,1734,0.04394726489049706,0.010066093708815881,0.004795345786951885,4.0,20
PC1,3.0,8,n_phases,1734.0,1734,0.04386786595430245,0.010018088359418633,0.004772476712150641,4.0,20
PC1,3.1,8,n_phases,1734.0,1734,0.04380068591385613,0.009946620055912552,0.004738430215263935,4.0,20
PC1,3.2,8,n_phases,1734.0,1734,0.043745487271392054,0.009851060783858653,0.004692907119025866,4.0,20
PC1,3.3000000000000003,8,n_phases,1734.0,1734,0.04370199208756194,0.009730937304708032,0.004635681979232616,4.0,20
PC1,3.4000000000000004,8,n_phases,1734.0,1734,0.04366988518479457,0.009585950191788355,0.004566612153219297,4.0,20
PC1,3.5,8,n_phases,1734.0,1734,0.04364881717441842,0.009415996439457468,0.004485648570543445,4.0,20
PC1,3.6,8,n_phases,1734.0,1734,0.04363840724151693,0.009221196496087313,0.004392848611119222,4.0,20
PC1,3.7,8,n_phases,1734.0,1734,0.04363824562897013,0.009001926863123065,0.004288391634951723,4.0,20
PC1,3.8000000000000003,8,n_phases,1734.0,1734,0.043647895772211405,0.008758859819678754,0.004172597906376883,4.0,20
PC1,3.9000000000000004,8,n_phases,1734.0,1734,0.04366689604863595,0.008493012413382952,0.0040459519326128835,4.0,20
PC1,4.0,8,n_phases,1734.0,1734,0.043694761119948196,0.008205807644384704,0.003909131610961989,4.0,20
PC1,4.1000000000000005,8,n_phases,1734.0,1734,0.04373098286153097,0.007899151790389757,0.003763045065372718,4.0,20
PC1,4.2,8,n_phases,1734.0,1734,0.04377503088956293,0.007575533059005718,0.0036088776430327047,4.0,20
PC1,4.3,8,n_phases,1734.0,1734,0.04382635271344536,0.0072381480595946155,0.003448152163784498,4.0,20
PC1,4.4,8,n_phases,1734.0,1734,0.043884373557432396,0.006891063489593733,0.0032828059452198856,4.0,20
PC1,4.5,8,n_phases,1734.0,1734,0.043948495910493386,0.0065394197537543336,0.0031152878040278695,4.0,20
PC1,4.6000000000000005,8,n_phases,1734.0,1734,0.044018098876712895,0.0061896783861404275,0.0029486759243628406,4.0,20
PC1,4.7,8,n_phases,1734.0,1734,0.04409253740935439,0.005849901024145174,0.002786810757151196,4.0,20
PC1,4.800000000000001,8,n_phases,1734.0,1734,0.04417114151957745,0.005530015724124225,0.0026344218891218977,4.0,20
PC1,4.9,8,n_phases,1734.0,1734,0.044253215555324854,0.005241966177146539,0.002497199127096236,4.0,20
PC1,5.0,8,n_phases,1734.0,1734,0.0443380376468464,0.004999549350716505,0.0023817151527826042,4.0,20
PC1,5.1000000000000005,8,n_phases,1734.0,1734,0.04442485941261571,0.004817664017064856,0.002295067532199567,4.0,20
PC1,5.2,8,n_phases,1734.0,1734,0.04451290601310088,0.0047107308783446876,0.0022441260854893894,4.0,20
PC1,5.300000000000001,8,n_phases,1734.0,1734,0.044601376630202964,0.004690367657033402,0.0022344253326106113,4.0,20
PC1,5.4,8,n_phases,1734.0,1734,0.044689445437559754,0.004762999048254844,0.002269025908163486,4.0,20
PC1,5.5,8,n_phases,1734.0,1734,0.044776263111839805,0.004928495372739971,0.002347866034764009,4.0,20
PC1,5.6000000000000005,8,n_phases,1734.0,1734,0.04486095891823924,0.005180562507488795,0.0024679472805394366,4.0,20
PC1,5.7,8,n_phases,1734.0,1734,0.044942643385340146,0.005508592673099999,0.0026242162482403007,4.0,20
PC1,5.800000000000001,8,n_phases,1734.0,1734,0.04502041156603038,0.005899968838513735,0.0028106623613225238,4.0,20
PC1,5.9,8,n_phases,1734.0,1734,0.04509334686306655,0.006341933870846067,0.003021208300699062,4.0,20
PC1,6.0,8,n_phases,1734.0,1734,0.04516052538080134,0.006822698645218453,0.0032502378927127345,4.0,20
PC1,6.1000000000000005,8,n_phases,1734.0,1734,0.04522102074924501,0.007331898070992668,0.0034928133536351958,4.0,20
PC1,6.2,8,n_phases,1734.0,1734,0.04527390935354726,0.007860643876184552,0.0037447004354209316,4.0,20
PC1,6.300000000000001,8,n_phases,1734.0,1734,0.04531827589160391,0.008401385571196329,0.004002302190780407,4.0,20
PC1,6.4,8,n_phases,1734.0,1734,0.04535321917511092,0.008947709347430532,0.004262563171301768,4.0,20
PC1,6.5,8,n_phases,1734.0,1734,0.045377858085148534,0.009494139104602768,0.004522874639654795,4.0,20
PC1,6.6000000000000005,8,n_phases,1734.0,1734,0.045391337592267676,0.010035964698279802,0.004780992749128217,4.0,20
PC1,6.7,8,n_phases,1734.0,1734,0.04539283475290947,0.010569103001043089,0.005034972355117734,4.0,20
PC1,6.800000000000001,8,n_phases,1734.0,1734,0.04538156459851424,0.011089989152110851,0.005283115207972042,4.0,20
PC1,6.9,8,n_phases,1734.0,1734,0.04535678584045585,0.011595492754846753,0.0055239300306619615,4.0,20
PC1,7.0,8,n_phases,1734.0,1734,0.04531780632246613,0.012082853618866097,0.005756101907221544,4.0,20
PC1,7.1000000000000005,8,n_phases,1734.0,1734,0.04526398816192976,0.012549632381291373,0.005978468759407145,4.0,20
PC1,7.2,8,n_phases,1734.0,1734,0.045194752531749684,0.012993672286592125,0.0061900031391494675,4.0,20
PC1,7.300000000000001,8,n_phases,1734.0,1734,0.045109584044833596,0.013413069281823061,0.006389797982344657,4.0,20
PC1,7.4,8,n_phases,1734.0,1734,0.04500803471310566,0.013806148308707612,0.006577055314735587,4.0,20
PC1,7.5,8,n_phases,1734.0,1734,0.04488972746185109,0.014171444238915813,0.0067510771697457785,4.0,20
PC1,7.6000000000000005,8,n_phases,1734.0,1734,0.04475435918780151,0.014507686324841266,0.00691125818104775,4.0,20
PC1,7.7,8,n_phases,1734.0,1734,0.04460170335542675,0.014813785352306947,0.007057079462292338,4.0,20
PC1,7.800000000000001,8,n_phases,1734.0,1734,0.04443161213030271,0.015088822909198434,0.007188103494836167,4.0,20
PC1,7.9,8,n_phases,1734.0,1734,0.04424401805118894,0.01533204234602608,0.007303969821480316,4.0,20
PC1,8.0,8,n_phases,1734.0,1734,0.044038935243709595,0.015542841117416287,0.0074043913980642246,4.0,20
PC1,8.1,8,n_phases,1734.0,1734,0.0438164601785252,0.015720764270284134,0.0074891514913225255,4.0,20
PC1,8.200000000000001,8,n_phases,1734.0,1734,0.043576771975935506,0.015865498894683205,0.007558101035347761,4.0,20
PC1,8.3,8,n_phases,1734.0,1734,0.04332013225734593,0.015976869384490333,0.007611156373847109,4.0,20
PC1,8.4,8,n_phases,1734.0,1734,0.043046884542368755,0.016054833372845773,0.007648297323843113,4.0,20
PC1,8.5,8,n_phases,1734.0,1734,0.042757453188923794,0.016099478216012132,0.007669565500633423,4.0,20
PC1,8.6,8,n_phases,1734.0,1734,0.04245234187291956,0.016111017902428297,0.007675062845307459,4.0,20
PC1,8.700000000000001,8,n_phases,1734.0,1734,0.04213213160425072,0.016089790263859444,0.007664950296177409,4.0,20
PC1,8.8,8,n_phases,1734.0,1734,0.04179747827716723,0.016036254364739353,0.007639446545097547,4.0,20
PC1,8.9,8,n_phases,1734.0,1734,0.041449109755685644,0.015950987945661025,0.0075988268195790335,4.0,20
PC1,9.0,8,n_phases,1734.0,1734,0.041087822498647085,0.015834684798715828,0.007543421632438321,4.0,20
PC1,9.1,8,n_phases,1734.0,1734,0.040714477734190464,0.015688151956910194,0.007473615442874704,4.0,20
PC1,9.200000000000001,8,n_phases,1734.0,1734,0.040329997199615275,0.015512306587827894,0.007389845176654621,4.0,20
PC1,9.3,8,n_phases,1734.0,1734,0.03993535846957564,0.01530817249343943,0.007292598558669966,4.0,20
PC1,9.4,8,n_phases,1734.0,1734,0.03953158990292866,0.015076876133651454,0.00718241221861283,4.0,20
PC1,9.5,8,n_phases,1734.0,1734,0.03911976524596089,0.014819642110810405,0.007059869539856404,4.0,20
PC1,9.600000000000001,8,n_phases,1734.0,1734,0.038700997936726204,0.014537788075725845,0.006925598232755973,4.0,20
PC1,9.700000000000001,8,n_phases,1734.0,1734,0.03827643516144681,0.014232719042524314,0.006780267626325076,4.0,20
PC1,9.8,8,n_phases,1734.0,1734,0.03784725171899351,0.013905921129343246,0.006624585686389923,4.0,20
PC1,9.9,8,n_phases,1734.0,1734,0.03741464375307542,0.013558954774032494,0.0064592957836448,4.0,20
PC1,10.0,8,n_phases,1734.0,1734,0.03697982241371843,0.013193447508149589,0.006285173251284819,4.0,20
PC1,10.100000000000001,8,n_phases,1734.0,1734,0.036544007509779555,0.012811086408178992,0.006103021788872696,4.0,20
PC1,10.200000000000001,8,n_phases,1734.0,1734,0.03610842121262511,0.012413610379770321,0.005913669786658114,4.0,20
PC1,10.3,8,n_phases,1734.0,1734,0.035674281867790904,0.01200280246878143,0.0057179666626665515,4.0,20
PC1,10.4,8,n_phases,1734.0,1734,0.03524279796664435,0.011580482432216137,0.00551677932359826,4.0,20
PC1,10.5,8,n_phases,1734.0,1734,0.03481516232406922,0.011148499843309652,0.005310988880187719,4.0,20
PC1,10.600000000000001,8,n_phases,1734.0,1734,0.034392546501350714,0.010708728048985077,0.005101487768620707,4.0,20
PC1,10.700000000000001,8,n_phases,1734.0,1734,0.033976095506155254,0.010263059346044523,0.004889177452539446,4.0,20
PC1,10.8,8,n_phases,1734.0,1734,0.03356692279419658,0.00981340179645463,0.0046749669058893046,4.0,20
PC1,10.9,8,n_phases,1734.0,1734,0.03316610559027208,0.009361678163692648,0.004459772106209003,4.0,20
PC1,11.0,8,n_phases,1734.0,1734,0.03277468054021779,0.008909827522557777,0.004244516801522147,4.0,20
PC1,11.100000000000001,8,n_phases,1734.0,1734,0.03239363970028501,0.008459810173604441,0.004030134851504269,4.0,20
PC1,11.200000000000001,8,n_phases,1734.0,1734,0.03202392686672336,0.008013616575823848,0.003817574482886981,4.0,20
PC1,11.3,8,n_phases,1734.0,1734,0.031666434246102715,0.007573281084397777,0.0036078048339310913,4.0,20
PC1,11.4,8,n_phases,1734.0,1734,0.03132199946615691,0.007140901315177533,0.003401825179392645,4.0,20
PC1,11.5,8,n_phases,1734.0,1734,0.030991402927606913,0.0067186638955279415,0.0032006771978636424,4.0,20
PC1,11.600000000000001,8,n_phases,1734.0,1734,0.030675365499345034,0.0063088770928482795,0.0030054605155415423,4.0,20
PC1,11.700000000000001,8,n_phases,1734.0,1734,0.030374546562259,0.005914010144553964,0.0028173514424806242,4.0,20
PC1,11.8,8,n_phases,1734.0,1734,0.03008954241049797,0.005536737728988069,0.0026376241579101835,4.0,20
PC1,11.9,8,n_phases,1734.0,1734,0.02982088502272458,0.0051799854400453715,0.0024676723737072875,4.0,20
PC1,12.0,8,n_phases,1734.0,1734,0.029569041219424736,0.0048469677558546295,0.0023090274221442045,4.0,20
PC1,12.100000000000001,8,n_phases,1734.0,1734,0.029334412225220163,0.004541203319868629,0.002163365535585266,4.0,20
PC1,12.200000000000001,8,n_phases,1734.0,1734,0.029117333656935758,0.004266483643863871,0.002032492937035101,4.0,20
PC1,12.3,8,n_phases,1734.0,1734,0.028918075958551757,0.00402676298771151,0.0019182933804068136,4.0,20
PC1,12.4,8,n_phases,1734.0,1734,0.028736845302833568,0.0038259355132554632,0.0018226219897566785,4.0,20
PC1,12.5,8,n_phases,1734.0,1734,0.02857378497618721,0.0036674815765382275,0.0017471367578640459,4.0,20
PC1,12.600000000000001,8,n_phases,1734.0,1734,0.028428977258054645,0.003554008142033274,0.0016930796060209503,4.0,20
PC1,12.700000000000001,8,n_phases,1734.0,1734,0.028302445798974507,0.0034867740007585575,0.0016610502046039265,4.0,20
PC1,12.8,8,n_phases,1734.0,1734,0.028194158492447424,0.0034653453356828707,0.0016508418892669948,4.0,20
PC1,12.9,8,n_phases,1734.0,1734,0.028104030825228776,0.0034875201577200354,0.0016614056633096701,4.0,20
PC1,13.0,8,n_phases,1734.0,1734,0.02803192967900162,0.003549569893411482,0.0016909652866587816,4.0,20
PC1,13.100000000000001,8,n_phases,1734.0,1734,0.0279776775440171,0.003646719910846283,0.0017372461916736303,4.0,20
PC1,13.200000000000001,8,n_phases,1734.0,1734,0.027941057092755597,0.0037737110509579856,0.00179774298877592,4.0,20
PC1,13.3,8,n_phases,1734.0,1734,0.02792181604952174,0.003925292804419679,0.0018699544090018912,4.0,20
PC1,13.4,8,n_phases,1734.0,1734,0.027919672280716325,0.004096566873549384,0.0019515469720728994,4.0,20
PC1,13.5,8,n_phases,1734.0,1734,0.027934319020884422,0.004283171805582173,0.002040442943095321,4.0,20
PC1,13.600000000000001,8,n_phases,1734.0,1734,0.02796543014203153,0.00448134196703635,0.0021348484271210256,4.0,20
PC1,13.700000000000001,8,n_phases,1734.0,1734,0.028012665368566815,0.004687885717015704,0.0022332429712148584,4.0,20
PC1,13.8,8,n_phases,1734.0,1734,0.028075675337916023,0.004900121261223419,0.002334349006207019,4.0,20
PC1,13.9,8,n_phases,1734.0,1734,0.028154106407574542,0.005115796688515292,0.0024370937532291284,4.0,20
PC1,14.0,8,n_phases,1734.0,1734,0.02824760511324533,0.005333009778094222,0.0025405710209870157,4.0,20
PC1,14.100000000000001,8,n_phases,1734.0,1734,0.028355822189695772,0.005550135408593441,0.0026440066244666277,4.0,20
PC1,14.200000000000001,8,n_phases,1734.0,1734,0.028478416075906256,0.005765763638503187,0.0027467288873182054,4.0,20
PC1,14.3,8,n_phases,1734.0,1734,0.02861505583868033,0.005978648922181092,0.0028481444490762713,4.0,20
PC1,14.4,8,n_phases,1734.0,1734,0.028765423463733557,0.006187669665853315,0.0029477189982061195,4.0,20
PC1,14.5,8,n_phases,1734.0,1734,0.02892921547987162,0.006391796828295821,0.003044962313908995,4.0,20
PC1,14.600000000000001,8,n_phases,1734.0,1734,0.029106143899627058,0.0065900701644559774,0.003139416948916794,4.0,20
PC1,14.700000000000001,8,n_phases,1734.0,1734,0.029295936478018876,0.006781580787166716,0.0032306499221373963,4.0,20
PC1,14.8,8,n_phases,1734.0,1734,0.029498336309276632,0.006965458870697477,0.0033182468607988926,4.0,20
PC1,14.9,8,n_phases,1734.0,1734,0.029713100798784343,0.007140865485257921,0.0034018081105217377,4.0,20
PC1,15.0,8,n_phases,1734.0,1734,0.029940000063537114,0.007306987709443552,0.0034809464069564277,4.0,20
PC1,15.100000000000001,8,n_phases,1734.0,1734,0.030178814828510706,0.007463036309233563,0.0035552857700906497,4.0,20
PC1,15.200000000000001,8,n_phases,1734.0,1734,0.030429333898053086,0.007608245396009153,0.003624461341334002,4.0,20
PC1,15.3,8,n_phases,1734.0,1734,0.030691351290347356,0.00774187358357349,0.0036881199347060718,4.0,20
PC1,15.4,8,n_phases,1734.0,1734,0.030964663128917956,0.00786320625756847,0.00374592111795473,4.0,20
PC1,15.5,8,n_phases,1734.0,1734,0.031249064387927832,0.007971558652142306,0.0037975386782373986,4.0,20
PC1,15.600000000000001,8,n_phases,1734.0,1734,0.031544345587647814,0.008066279499941936,0.003842662360926212,4.0,20
PC1,15.700000000000001,8,n_phases,1734.0,1734,0.031850289533095606,0.008146755083731291,0.0038809997997421054,4.0,20
PC1,15.8,8,n_phases,1734.0,1734,0.03216666818268783,0.008212413572032584,0.0039122785821934835,4.0,20
PC1,15.9,8,n_phases,1734.0,1734,0.0324932397251718,0.008262729567752777,0.003936248416478038,4.0,20
PC1,16.0,8,n_phases,1734.0,1734,0.03282974593253937,0.008297228838258256,0.003952683384823949,4.0,20
PC1,16.1,8,n_phases,1734.0,1734,0.03317590984457377,0.008315493228239306,0.003961384283909576,4.0,20
PC1,16.2,8,n_phases,1734.0,1734,0.03353143382767956,0.008317165783471005,0.0039621810657512494,4.0,20
PC1,16.3,8,n_phases,1734.0,1734,0.033895998037252455,0.008301956134870976,0.00395493540259283,4.0,20
PC1,16.400000000000002,8,n_phases,1734.0,1734,0.034269259299599265,0.008269646208903055,0.00393954340726188,4.0,20
PC1,16.5,8,n_phases,1734.0,1734,0.034650850416829894,0.008220096343419211,0.003915938546670936,4.0,20
PC1,16.6,8,n_phases,1734.0,1734,0.0350403798866546,0.00815325189874183,0.0038840947912443307,4.0,20
PC1,16.7,8,n_phases,1734.0,1734,0.03543743201900244,0.008069150463666937,0.003844030047757015,4.0,20
PC1,16.8,8,n_phases,1734.0,1734,0.03584156742310432,0.007967929766831725,0.0037958099281990214,4.0,20
PC1,16.900000000000002,8,n_phases,1734.0,1734,0.03625232383232046,0.007849836417419034,0.003739551913724427,4.0,20
PC1,17.0,8,n_phases,1734.0,1734,0.03666921722960269,0.007715235617420256,0.003675429981437109,4.0,20
PC1,17.1,8,n_phases,1734.0,1734,0.03709174323400938,0.007564622012492892,0.003603679773587014,4.0,20
PC1,17.2,8,n_phases,1734.0,1734,0.0375193787079882,0.007398631881234138,0.0035246044043690484,4.0,20
PC1,17.3,8,n_phases,1734.0,1734,0.03795158354596395,0.007218056903803865,0.00343858101910185,4.0,20
PC1,17.400000000000002,8,n_phases,1734.0,1734,0.03838780260680375,0.007023859798488179,0.0033460682432672434,4.0,20
PC1,17.5,8,n_phases,1734.0,1734,0.038827467755615075,0.00681719216316228,0.0032476146819327804,4.0,20
PC1,17.6,8,n_phases,1734.0,1734,0.03926999998367449,0.006599414894500598,0.0031438686471769073,4.0,20
PC1,17.7,8,n_phases,1734.0,1734,0.03971481157869526,0.006372121555125152,0.003035589289870538,4.0,20
PC1,17.8,8,n_phases,1734.0,1734,0.04016130832076247,0.006137164969823391,0.002923659269742011,4.0,20
PC1,17.900000000000002,8,n_phases,1734.0,1734,0.04060889168177671,0.005896687073283181,0.0028090989744191893,4.0,20
PC1,18.0,8,n_phases,1734.0,1734,0.04105696100792272,0.005653151466071229,0.0026930820286407277,4.0,20
PC1,18.1,8,n_phases,1734.0,1734,0.04150491566536255,0.005409377049693492,0.0025769513175268586,4.0,20
PC1,18.2,8,n_phases,1734.0,1734,0.041952157129006115,0.005168569203830622,0.002462233838976849,4.0,20
PC1,18.3,8,n_phases,1734.0,1734,0.042398090992895945,0.0049343418762821615,0.0023506512270084334,4.0,20
PC1,18.400000000000002,8,n_phases,1734.0,1734,0.042842128878626824,0.004710719390349217,0.002244120612769556,4.0,20
PC1,18.5,8,n_phases,1734.0,1734,0.04328369021557588,0.0045021008809256295,0.002144737682391267,4.0,20
PC1,18.6,8,n_phases,1734.0,1734,0.043722203863888205,0.0043131643305970475,0.002054730961131967,4.0,20
PC1,18.7,8,n_phases,1734.0,1734,0.044157109548559746,0.004148684570917871,0.0019763751117397024,4.0,20
PC1,18.8,8,n_phases,1734.0,1734,0.04458785907102212,0.004013246318815012,0.001911854229021835,4.0,20
PC1,18.900000000000002,8,n_phases,1734.0,1734,0.04501391726380721,0.0039108561443493926,0.0018630769867318132,4.0,20
PC1,19.0,8,n_phases,1734.0,1734,0.04543476265456728,0.0038444978487743348,0.0018314648259155004,4.0,20
PC1,19.1,8,n_phases,1734.0,1734,0.04584988780830105,0.0038157218814764042,0.0018177563589034415,4.0,20
PC1,19.200000000000003,8,n_phases,1734.0,1734,0.046258799321352295,0.0038243832442006473,0.0018218825105617144,4.0,20
PC1,19.3,8,n_phases,1734.0,1734,0.04666101744774947,0.0038686165122002168,0.0018429546187181366,4.0,20
PC1,19.400000000000002,8,n_phases,1734.0,1734,0.047056075347756555,0.003945062422498235,0.0018793723776305386,4.0,20
PC1,19.5,8,n_phases,1734.0,1734,0.047443517959972106,0.004049276735142733,0.0019290186137511309,4.0,20
PC1,19.6,8,n_phases,1734.0,1734,0.04782290051166145,0.004176206131488715,0.0019894859969898718,4.0,20
PC1,19.700000000000003,8,n_phases,1734.0,1734,0.04819378669680566,0.004320624921734123,0.0020582850820563543,4.0,20
PC1,19.8,8,n_phases,1734.0,1734,0.04855574656704531,0.004477470387239757,0.0021330040608352058,4.0,20
PC1,19.900000000000002,8,n_phases,1734.0,1734,0.04890835419661738,0.004642061811661389,0.0022114131057438024,4.0,20
PC1,20.0,8,n_phases,1734.0,1734,0.04925118519779017,0.0048102190810938245,0.0022915208691765966,4.0,20
PC1,20.1,8,n_phases,1734.0,1734,0.049583814177409424,0.00497830854557505,0.002371596331282131,4.0,20
PC1,20.200000000000003,8,n_phases,1734.0,1734,0.04990581223719308,0.005143243006278822,0.0024501687938617636,4.0,20
PC1,20.3,8,n_phases,1734.0,1734,0.05021674462961006,0.005302456471500927,0.002526015854475771,4.0,20
PC1,20.400000000000002,8,n_phases,1734.0,1734,0.05051616868688697,0.0054538673791888455,0.002598145886172568,4.0,20
PC1,20.5,8,n_phases,1734.0,1734,0.05080363214236297,0.005595838344105394,0.002665778861602334,4.0,20
PC1,20.6,8,n_phases,1734.0,1734,0.051078671960671965,0.005727136581483659,0.0027283274994015874,4.0,20
PC1,20.700000000000003,8,n_phases,1734.0,1734,0.05134081378586048,0.0058468967291274605,0.0027853795531635624,4.0,20
PC1,20.8,8,n_phases,1734.0,1734,0.05158957210454388,0.005954586413041482,0.002836681407387611,4.0,20
PC1,20.900000000000002,8,n_phases,1734.0,1734,0.05182445120475708,0.0060499742033699976,0.002882122812138084,4.0,20
PC1,21.0,8,n_phases,1734.0,1734,0.05204494699067155,0.006133099317348931,0.0029217224499558476,4.0,20
PC1,21.1,8,n_phases,1734.0,1734,0.052250549689426384,0.0062042423692566665,0.002955614001545306,4.0,20
PC1,21.200000000000003,8,n_phases,1734.0,1734,0.052440747459719855,0.0062638965390155775,0.002984032410900762,4.0,20
PC1,21.3,8,n_phases,1734.0,1734,0.05261503088344473,0.006312738671823958,0.0030073001175766182,4.0,20
PC1,21.400000000000002,8,n_phases,1734.0,1734,0.052772898292531574,0.0063515999990760115,0.003025813108544533,4.0,20
PC1,21.5,8,n_phases,1734.0,1734,0.05291386185436966,0.00638143636892992,0.003040026736453796,4.0,20
PC1,21.6,8,n_phases,1734.0,1734,0.0530374543117873,0.006403298083144129,0.003050441350323408,4.0,20
PC1,21.700000000000003,8,n_phases,1734.0,1734,0.05314323624865282,0.006418299646817335,0.0030575878847427128,4.0,20
PC1,21.8,8,n_phases,1734.0,1734,0.053230803730675534,0.006427589939506553,0.0030620136498106234,4.0,20
PC1,21.900000000000002,8,n_phases,1734.0,1734,0.05329979615380053,0.006432323496775242,0.0030642686500681536,4.0,20
PC1,22.0,8,n_phases,1734.0,1734,0.05334990412039216,0.006433633734076998,0.003064892828732354,4.0,20
PC1,22.1,8,n_phases,1734.0,1734,0.053380877156695164,0.0064326090313601755,0.0030644046747375538,4.0,20
PC1,22.200000000000003,8,n_phases,1734.0,1734,0.053392531084139154,0.006430272608546897,0.0030632916356959656,4.0,20
PC1,22.3,8,n_phases,1734.0,1734,0.053384754861977815,0.006427567044572484,0.003062002742985314,4.0,20
PC1,22.400000000000002,8,n_phases,1734.0,1734,0.053357516729369676,0.0064253441190996845,0.00306094377248404,4.0,20
PC1,22.5,8,n_phases,1734.0,1734,0.053310869490931466,0.006424360390378181,0.003060475137925628,4.0,20
PC1,22.6,8,n_phases,1734.0,1734,0.05324495481044553,0.006425278581578338,0.003060912551328548,4.0,20
PC1,22.700000000000003,8,n_phases,1734.0,1734,0.053160006402021634,0.006428674459700593,0.003062530300012161,4.0,20
PC1,22.8,8,n_phases,1734.0,1734,0.05305635203569876,0.006435048492873995,0.003065566799970153,4.0,20
PC1,22.900000000000002,8,n_phases,1734.0,1734,0.052934414304219274,0.006444841203995502,0.003070231910128846,4.0,20
PC1,23.0,8,n_phases,1734.0,1734,0.0527947101284519,0.006458450839285675,0.0030767153493991887,4.0,20
PC1,23.1,8,n_phases,1734.0,1734,0.05263784900960104,0.006476251769899408,0.0030851954629458793,4.0,20
PC1,23.200000000000003,8,n_phases,1734.0,1734,0.05246453006587056,0.0064986119627830595,0.0030958475450585405,4.0,20
PC1,23.3,8,n_phases,1734.0,1734,0.05227553791867533,0.006525907901233781,0.003108850947096804,4.0,20
PC1,23.400000000000002,8,n_phases,1734.0,1734,0.052071737517952986,0.006558535503118876,0.003124394278776799,4.0,20
PC1,23.5,8,n_phases,1734.0,1734,0.0518540680169087,0.0065969158640135795,0.003142678144121398,4.0,20
PC1,23.6,8,n_phases,1734.0,1734,0.051623535823083336,0.006641495025888353,0.0031639150312660924,4.0,20
PC1,23.700000000000003,8,n_phases,1734.0,1734,0.05138120696462415,0.006692737416634746,0.0031883261871411715,4.0,20
PC1,23.8,8,n_phases,1734.0,1734,0.05112819891790115,0.006751113093854392,0.0032161355405918085,4.0,20
PC1,23.900000000000002,8,n_phases,1734.0,1734,0.05086567204520145,0.006817079424471678,0.003247560974802622,4.0,20
PC2,0.0,7,n_phases,1466.0,1466,0.03198436683255512,0.01271233265417066,0.007288138612805673,4.0,20
PC2,0.1,7,n_phases,1466.0,1466,0.03162801463043112,0.012398391386135122,0.0071081521744416395,4.0,20
PC2,0.2,7,n_phases,1466.0,1466,0.031285460917605215,0.012085693712714143,0.006928878704356175,4.0,20
PC2,0.30000000000000004,7,n_phases,1466.0,1466,0.030957076617179814,0.01177485633554898,0.006750671765279779,4.0,20
PC2,0.4,7,n_phases,1466.0,1466,0.030643198572386756,0.01146650852493698,0.006573892125710002,4.0,20
PC2,0.5,7,n_phases,1466.0,1466,0.03034413503797645,0.011161301040091765,0.0063989128740076845,4.0,20
PC2,0.6000000000000001,7,n_phases,1466.0,1466,0.03006017086833067,0.010859913957098866,0.00622612390626141,4.0,20
PC2,0.7000000000000001,7,n_phases,1466.0,1466,0.029791572302388748,0.010563062950423783,0.006055935527554288,4.0,20
PC2,0.8,7,n_phases,1466.0,1466,0.029538591260788005,0.01027150353853523,0.005888780886032637,4.0,20
PC2,0.9,7,n_phases,1466.0,1466,0.02930146908688571,0.009986032773927737,0.005725116941816982,4.0,20
PC2,1.0,7,n_phases,1466.0,1466,0.029080439680029452,0.009707487838256305,0.005565423661575263,4.0,20
PC2,1.1,7,n_phases,1466.0,1466,0.028875731986070217,0.00943674100319369,0.005410201129519559,4.0,20
PC2,1.2000000000000002,7,n_phases,1466.0,1466,0.028687571826202914,0.00917469044925803,0.005259964283725643,4.0,20
PC2,1.3,7,n_phases,1466.0,1466,0.028516183060368714,0.0089222465138729,0.00511523503197456,4.0,20
PC2,1.4000000000000001,7,n_phases,1466.0,1466,0.028361788095330822,0.008680313084162011,0.004976531584010117,4.0,20
PC2,1.5,7,n_phases,1466.0,1466,0.0282246077598944,0.008449764076812336,0.004844354967151533,4.0,20
PC2,1.6,7,n_phases,1466.0,1466,0.02810486058042645,0.008231415269026914,0.004719172876627893,4.0,20
PC2,1.7000000000000002,7,n_phases,1466.0,1466,0.028002761498777312,0.008025992161788368,0.004601401251186942,4.0,20
PC2,1.8,7,n_phases,1466.0,1466,0.02791852008193407,0.007834095050904455,0.0044913842478905355,4.0,20
PC2,1.9000000000000001,7,n_phases,1466.0,1466,0.02785233827834414,0.007656163008595235,0.004389373592310048,4.0,20
PC2,2.0,7,n_phases,1466.0,1466,0.02780440777999773,0.007492438967025054,0.004295508560480444,4.0,20
PC2,2.1,7,n_phases,1466.0,1466,0.027774907052255004,0.00734293845165932,0.0042097980533443765,4.0,20
PC2,2.2,7,n_phases,1466.0,1466,0.027763998095283262,0.007207424637358189,0.004132106296100074,4.0,20
PC2,2.3000000000000003,7,n_phases,1466.0,1466,0.02777182300206927,0.007085392213869107,0.004062143588087297,4.0,20
PC2,2.4000000000000004,7,n_phases,1466.0,1466,0.027798500378519095,0.006976062017666102,0.003999463225153959,4.0,20
PC2,2.5,7,n_phases,1466.0,1466,0.027844121691345786,0.0068783875504292566,0.003943465236781579,4.0,20
PC2,2.6,7,n_phases,1466.0,1466,0.02790874760942057,0.006791073469442101,0.003893406986860361,4.0,20
PC2,2.7,7,n_phases,1466.0,1466,0.027992404404114372,0.006712605062786732,0.0038484200721856016,4.0,20
PC2,2.8000000000000003,7,n_phases,1466.0,1466,0.02809508047390416,0.006641286787184585,0.0038075324166817,4.0,20
PC2,2.9000000000000004,7,n_phases,1466.0,1466,0.02821672305811878,0.006575287292510777,0.0037696940845169083,4.0,20
PC2,3.0,7,n_phases,1466.0,1466,0.028357235204041483,0.0065126880628187805,0.0037338051666084824,4.0,20
PC2,3.1,7,n_phases,1466.0,1466,0.028516473050508345,0.00645153286946171,0.0036987441327129425,4.0,20
PC2,3.2,7,n_phases,1466.0,1466,0.02869424348943702,0.006389875590946873,0.0036633952471441657,4.0,20
PC2,3.3000000000000003,7,n_phases,1466.0,1466,0.028890302264160547,0.006325824500443894,0.003626673959353296,4.0,20
PC2,3.4000000000000004,7,n_phases,1466.0,1466,0.029104352559791304,0.006257581741739941,0.0035875495359854507,4.0,20
PC2,3.5,7,n_phases,1466.0,1466,0.029336044135884923,0.006183477312234832,0.003545064543753995,4.0,20
PC2,3.6,7,n_phases,1466.0,1466,0.029584973045233925,0.006101997383428361,0.0034983510859285913,4.0,20
PC2,3.7,7,n_phases,1466.0,1466,0.029850681974575577,0.006011807185382082,0.003446643922282113,4.0,20
PC2,3.8000000000000003,7,n_phases,1466.0,1466,0.03013266123330213,0.005911768960091906,0.0033892907619827175,4.0,20
PC2,3.9000000000000004,7,n_phases,1466.0,1466,0.03043035040495664,0.005800955666697299,0.003325760120960951,4.0,20
PC2,4.0,7,n_phases,1466.0,1466,0.030743140663521924,0.005678661225857233,0.003255647195138046,4.0,20
PC2,4.1000000000000005,7,n_phases,1466.0,1466,0.031070377742500578,0.0055444081512356315,0.003178678235651561,4.0,20
PC2,4.2,7,n_phases,1466.0,1466,0.031411365529870686,0.0053979534615475975,0.0030947139383051066,4.0,20
PC2,4.3,7,n_phases,1466.0,1466,0.03176537024660329,0.005239293823082249,0.003003752391840719,4.0,20
PC2,4.4,7,n_phases,1466.0,1466,0.032131625151026674,0.005068670963700114,0.002905932181850991,4.0,20
PC2,4.5,7,n_phases,1466.0,1466,0.03250933569645881,0.004886578547342474,0.002801536332020881,4.0,20
PC2,4.6000000000000005,7,n_phases,1466.0,1466,0.03289768505576173,0.004693771924973854,0.0026909978944644687,4.0,20
PC2,4.7,7,n_phases,1466.0,1466,0.03329583991436313,0.004491282504087963,0.00257490818794165,4.0,20
PC2,4.800000000000001,7,n_phases,1466.0,1466,0.033702956423373696,0.004280438917635041,0.002454028934267791,4.0,20
PC2,4.9,7,n_phases,1466.0,1466,0.03411818619717937,0.00406289771299151,0.0023293098526821925,4.0,20
PC2,5.0,7,n_phases,1466.0,1466,0.034540682235702926,0.003840686843490114,0.0022019135940839,4.0,20
PC2,5.1000000000000005,7,n_phases,1466.0,1466,0.034969604650699974,0.00361626558697871,0.002073250093087604,4.0,20
PC2,5.2,7,n_phases,1466.0,1466,0.03540412607815027,0.0033926040338899052,0.0019450221395238016,4.0,20
PC2,5.300000000000001,7,n_phases,1466.0,1466,0.03584343666506416,0.0031732826423591515,0.0018192824546277224,4.0,20
PC2,5.4,7,n_phases,1466.0,1466,0.03628674852874139,0.0029626048933264655,0.0016984982776119997,4.0,20
PC2,5.5,7,n_phases,1466.0,1466,0.03673329959945409,0.0027656992918281293,0.001585609844277388,4.0,20
PC2,5.6000000000000005,7,n_phases,1466.0,1466,0.03718235677330354,0.002588555364665665,0.0014840510249246532,4.0,20
PC2,5.7,7,n_phases,1466.0,1466,0.03763321832012987,0.0024378914270273564,0.001397673513312034,4.0,20
PC2,5.800000000000001,7,n_phases,1466.0,1466,0.03808521551124589,0.0023207109470173427,0.001330492484915338,4.0,20
PC2,5.9,7,n_phases,1466.0,1466,0.038537713452755355,0.002243434390122163,0.0012861888725497776,4.0,20
PC2,6.0,7,n_phases,1466.0,1466,0.03899011113159468,0.002210683949196001,0.0012674126369371843,4.0,20
PC2,6.1000000000000005,7,n_phases,1466.0,1466,0.03944184070247644,0.002224128591570224,0.001275120617831689,4.0,20
PC2,6.2,7,n_phases,1466.0,1466,0.03989236606390049,0.0022819848331817544,0.0013082903216108353,4.0,20
PC2,6.300000000000001,7,n_phases,1466.0,1466,0.04034118078966863,0.002379489308018214,0.0013641908512232192,4.0,20
PC2,6.4,7,n_phases,1466.0,1466,0.04078780549828955,0.0025100713270291234,0.0014390551488137405,4.0,20
PC2,6.5,7,n_phases,1466.0,1466,0.041231784755794615,0.002666624407771063,0.0015288089795030813,4.0,20
PC2,6.6000000000000005,7,n_phases,1466.0,1466,0.041672683617413,0.00284243226171429,0.0016296018114415817,4.0,20
PC2,6.7,7,n_phases,1466.0,1466,0.04211008392001755,0.003031646085967405,0.001738080453098534,4.0,20
PC2,6.800000000000001,7,n_phases,1466.0,1466,0.04254358044013168,0.0032294238130213394,0.0018514688868744404,4.0,20
PC2,6.9,7,n_phases,1466.0,1466,0.04297277703159448,0.003431883562747999,0.0019675415825521876,4.0,20
PC2,7.0,7,n_phases,1466.0,1466,0.04339728285287187,0.003635982826303069,0.002084554231924047,4.0,20
PC2,7.1000000000000005,7,n_phases,1466.0,1466,0.04381670878674463,0.003839384432017776,0.0022011669053683403,4.0,20
PC2,7.2,7,n_phases,1466.0,1466,0.0442306641450865,0.00404033556086593,0.00231637468991012,4.0,20
PC2,7.300000000000001,7,n_phases,1466.0,1466,0.044638753739136706,0.004237567450759688,0.00242945018844498,4.0,20
PC2,7.4,7,n_phases,1466.0,1466,0.04504057538160952,0.004430215143307301,0.0025398975095559124,4.0,20
PC2,7.5,7,n_phases,1466.0,1466,0.04543571787175145,0.004617753720811023,0.0026474157113901844,4.0,20
PC2,7.6000000000000005,7,n_phases,1466.0,1466,0.045823759498648045,0.004799946995992155,0.0027518693848397613,4.0,20
PC2,7.7,7,n_phases,1466.0,1466,0.04620426708228906,0.004976805060228713,0.002853264315417324,4.0,20
PC2,7.800000000000001,7,n_phases,1466.0,1466,0.04657679555667742,0.005148547799731108,0.0029517265666254675,4.0,20
PC2,7.9,7,n_phases,1466.0,1466,0.04694088808511852,0.005315572189759891,0.0030474837293244564,4.0,20
PC2,8.0,7,n_phases,1466.0,1466,0.04729607668518429,0.005478421792095759,0.0031408474342519465,4.0,20
PC2,8.1,7,n_phases,1466.0,1466,0.04764188333005807,0.005637757400031762,0.0032321965224314684,4.0,20
PC2,8.200000000000001,7,n_phases,1466.0,1466,0.04797782148428333,0.00579432821081202,0.0033219605179725634,4.0,20
PC2,8.3,7,n_phases,1466.0,1466,0.048303398025514005,0.005948943272815284,0.0034106032583855615,4.0,20
PC2,8.4,7,n_phases,1466.0,1466,0.048618115499743104,0.006102443263843989,0.003498606714723262,4.0,20
PC2,8.5,7,n_phases,1466.0,1466,0.04892147465562332,0.0062556729107138415,0.003586455179388192,4.0,20
PC2,8.6,7,n_phases,1466.0,1466,0.0492129772037426,0.006409454556220602,0.0036746201117455047,4.0,20
PC2,8.700000000000001,7,n_phases,1466.0,1466,0.04949212874886074,0.0065645635114550465,0.0037635460072982163,4.0,20
PC2,8.8,7,n_phases,1466.0,1466,0.04975844184685277,0.0067217058931556915,0.003853637691565539,4.0,20
PC2,8.9,7,n_phases,1466.0,1466,0.05001143914310301,0.006881499634160243,0.003945249433138228,4.0,20
PC2,9.0,7,n_phases,1466.0,1466,0.05025065655496345,0.0070444592724255165,0.004038676223034285,4.0,20
PC2,9.1,7,n_phases,1466.0,1466,0.05047564646723634,0.007210984979808625,0.004134147484762591,4.0,20
PC2,9.200000000000001,7,n_phases,1466.0,1466,0.05068598091606242,0.0073813561017646665,0.004231823370551142,4.0,20
PC2,9.3,7,n_phases,1466.0,1466,0.05088125474270878,0.007555729264100241,0.004331793675925269,4.0,20
PC2,9.4,7,n_phases,1466.0,1466,0.05106108870420459,0.007734140885620425,0.004434079280239433,4.0,20
PC2,9.5,7,n_phases,1466.0,1466,0.05122513253226454,0.007916513737152428,0.004538635907047165,4.0,20
PC2,9.600000000000001,7,n_phases,1466.0,1466,0.05137306793522474,0.00810266702480944,0.0046453599049617956,4.0,20
PC2,9.700000000000001,7,n_phases,1466.0,1466,0.05150461153961939,0.00829232935885354,0.004754095682867053,4.0,20
PC2,9.8,7,n_phases,1466.0,1466,0.051619517768449585,0.008485153902510726,0.004864644394921368,4.0,20
PC2,9.9,7,n_phases,1466.0,1466,0.05171758165211977,0.008680734974671008,0.0049767734590925785,4.0,20
PC2,10.0,7,n_phases,1466.0,1466,0.05179864156550329,0.008878625399017251,0.005090226503629544,4.0,20
PC2,10.100000000000001,7,n_phases,1466.0,1466,0.05186258188078657,0.009078353939658095,0.005204733363127616,4.0,20
PC2,10.200000000000001,7,n_phases,1466.0,1466,0.051909335520842106,0.009279442229168626,0.005320019783585149,4.0,20
PC2,10.3,7,n_phases,1466.0,1466,0.05193888639216762,0.00948142066956435,0.0054358165386298955,4.0,20
PC2,10.4,7,n_phases,1466.0,1466,0.051951271670228914,0.00968384286282156,0.0055518677027160315,4.0,20
PC2,10.5,7,n_phases,1466.0,1466,0.051946583903719666,0.00988629820041631,0.005667937868863612,4.0,20
PC2,10.600000000000001,7,n_phases,1466.0,1466,0.05192497289818683,0.010088422308885972,0.005783818137229101,4.0,20
PC2,10.700000000000001,7,n_phases,1466.0,1466,0.0518866473340574,0.01028990511072584,0.005899330736517765,4.0,20
PC2,10.8,7,n_phases,1466.0,1466,0.051831876069717134,0.010490496318729588,0.006014332173957479,4.0,20
PC2,10.9,7,n_phases,1466.0,1466,0.05176098907728308,0.010690008239807279,0.006128714842762509,4.0,20
PC2,11.0,7,n_phases,1466.0,1466,0.05167437795738327,0.010888315824260272,0.0062424070503834216,4.0,20
PC2,11.100000000000001,7,n_phases,1466.0,1466,0.05157249597985011,0.011085353960989182,0.006355371467816135,4.0,20
PC2,11.200000000000001,7,n_phases,1466.0,1466,0.05145585759991987,0.01128111208979843,0.006467602040769022,4.0,20
PC2,11.3,7,n_phases,1466.0,1466,0.051325037404398484,0.011475626279185644,0.006579119447760921,4.0,20
PC2,11.4,7,n_phases,1466.0,1466,0.051180668449304675,0.011668969000554726,0.006689965237550148,4.0,20
PC2,11.5,7,n_phases,1466.0,1466,0.05102343995964833,0.011861236914810855,0.006800194827037327,4.0,20
PC2,11.600000000000001,7,n_phases,1466.0,1466,0.050854094373067024,0.012052537070383878,0.006909869588420328,4.0,20
PC2,11.700000000000001,7,n_phases,1466.0,1466,0.05067342372177124,0.012242971987262917,0.007019048297685556,4.0,20
PC2,11.8,7,n_phases,1466.0,1466,0.0504822653613046,0.012432624163293769,0.007127778251875324,4.0,20
PC2,11.9,7,n_phases,1466.0,1466,0.05028149706961621,0.012621540580483237,0.007236086386359183,4.0,20
PC2,12.0,7,n_phases,1466.0,1466,0.050072031555427776,0.012809717804872509,0.007343970732405784,4.0,20
PC2,12.100000000000001,7,n_phases,1466.0,1466,0.04985481043038514,0.01299708825979969,0.007451392547473354,4.0,20
PC2,12.200000000000001,7,n_phases,1466.0,1466,0.049630797714527955,0.013183508207473934,0.0075582694248964855,4.0,20
PC2,12.3,7,n_phases,1466.0,1466,0.049400972958709925,0.013368747898856293,0.007664469646690167,4.0,20
PC2,12.4,7,n_phases,1466.0,1466,0.04916632408029564,0.013552484250824373,0.007769807985277089,4.0,20
PC2,12.5,7,n_phases,1466.0,1466,0.0489278400193228,0.01373429628895761,0.007874043090779697,4.0,20
PC2,12.600000000000001,7,n_phases,1466.0,1466,0.048686503330979965,0.013913663462373289,0.007976876524894698,4.0,20
PC2,12.700000000000001,7,n_phases,1466.0,1466,0.04844328283639383,0.01408996680322012,0.008077953425645157,4.0,20
PC2,12.8,7,n_phases,1466.0,1466,0.048199126457109207,0.0142624927770168,0.008176864714827552,4.0,20
PC2,12.9,7,n_phases,1466.0,1466,0.047954954359110395,0.01443043955932051,0.008273150696503981,4.0,20
PC2,13.0,7,n_phases,1466.0,1466,0.04771165252969006,0.014592925385731906,0.008366305844163998,4.0,20
PC2,13.100000000000001,7,n_phases,1466.0,1466,0.04747006690491437,0.014748998560173721,0.008455784538595376,4.0,20
PC2,13.200000000000001,7,n_phases,1466.0,1466,0.04723099815692883,0.014897648672400534,0.00854100749902213,4.0,20
PC2,13.3,7,n_phases,1466.0,1466,0.04699519723904635,0.015037818569107709,0.00862136864629036,4.0,20
PC2,13.4,7,n_phases,1466.0,1466,0.046763361772664526,0.015168416641106875,0.008696242147258951,4.0,20
PC2,13.5,7,n_phases,1466.0,1466,0.046536133343850865,0.015288329027653733,0.008764989411692684,4.0,20
PC2,13.600000000000001,7,n_phases,1466.0,1466,0.04631409575923784,0.015396431393111556,0.008826965843970068,4.0,20
PC2,13.700000000000001,7,n_phases,1466.0,1466,0.04609777429106171,0.015491599995370581,0.008881527188746016,4.0,20
PC2,13.8,7,n_phases,1466.0,1466,0.045887635920173114,0.01557272183466946,0.008928035349397555,4.0,20
PC2,13.9,7,n_phases,1466.0,1466,0.045684090564092054,0.015638703741084246,0.00896586359799443,4.0,20
PC2,14.0,7,n_phases,1466.0,1466,0.045487493255145936,0.015688480325158398,0.008994401133494288,4.0,20
PC2,14.100000000000001,7,n_phases,1466.0,1466,0.0452981472119055,0.01572102077604491,0.009013056979202218,4.0,20
PC2,14.200000000000001,7,n_phases,1466.0,1466,0.045116307726017775,0.015735334543138184,0.009021263240121057,4.0,20
PC2,14.3,7,n_phases,1466.0,1466,0.04494218676662644,0.01573047597936491,0.009018477765007867,4.0,20
PC2,14.4,7,n_phases,1466.0,1466,0.04477595818635666,0.015705548056703017,0.009004186276527224,4.0,20
PC2,14.5,7,n_phases,1466.0,1466,0.04461776339679944,0.015659705287339058,0.00897790404598712,4.0,20
PC2,14.600000000000001,7,n_phases,1466.0,1466,0.04446771736799864,0.015592155997857944,0.008939177197160255,4.0,20
PC2,14.700000000000001,7,n_phases,1466.0,1466,0.044325914796029875,0.015502164110014992,0.00888758372722283,4.0,20
PC2,14.8,7,n_phases,1466.0,1466,0.04419243627571245,0.015389050581209637,0.008822734332596066,4.0,20
PC2,14.9,7,n_phases,1466.0,1466,0.044067354312103874,0.015252194652110137,0.008744273124224978,4.0,20
PC2,15.0,7,n_phases,1466.0,1466,0.04395073900489887,0.015091035039353298,0.008651878311367985,4.0,20
PC2,15.100000000000001,7,n_phases,1466.0,1466,0.04384266324431789,0.014905071199229828,0.008545262926083458,4.0,20
PC2,15.200000000000001,7,n_phases,1466.0,1466,0.043743207265550366,0.01469386477509625,0.00842417565304899,4.0,20
PC2,15.3,7,n_phases,1466.0,1466,0.043652462421237895,0.014457041328233715,0.008288401821884313,4.0,20
PC2,15.4,7,n_phases,1466.0,1466,0.04357053404765837,0.01419429244032267,0.008137764612526204,4.0,20
PC2,15.5,7,n_phases,1466.0,1466,0.04349754331990886,0.013905378267038358,0.007972126519236582,4.0,20
PC2,15.600000000000001,7,n_phases,1466.0,1466,0.04343362801408141,0.013590130618154691,0.00779139111646442,4.0,20
PC2,15.700000000000001,7,n_phases,1466.0,1466,0.04337894211968328,0.013248456642092577,0.007595505171243174,4.0,20
PC2,15.8,7,n_phases,1466.0,1466,0.043333654272780575,0.012880343205000588,0.007384461153772269,4.0,20
PC2,15.9,7,n_phases,1466.0,1466,0.04329794500888249,0.012485862080541171,0.0071583002127861605,4.0,20
PC2,16.0,7,n_phases,1466.0,1466,0.04327200286371548,0.012065176113237633,0.006917115709077903,4.0,20
PC2,16.1,7,n_phases,1466.0,1466,0.04325601937901349,0.01161854659612536,0.006661057445198474,4.0,20
PC2,16.2,7,n_phases,1466.0,1466,0.04325018309851634,0.011146342229876665,0.00639033680183461,4.0,20
PC2,16.3,7,n_phases,1466.0,1466,0.04325467266577899,0.010649050234578484,0.006105233108329328,4.0,20
PC2,16.400000000000002,7,n_phases,1466.0,1466,0.043269649159450564,0.010127290516841608,0.005806101764862075,4.0,20
PC2,16.5,7,n_phases,1466.0,1466,0.04329524782274432,0.00958183434200239,0.005493384947454472,4.0,20
PC2,16.6,7,n_phases,1466.0,1466,0.0433315693613375,0.009013629883990196,0.0051676262560275,4.0,20
PC2,16.7,7,n_phases,1466.0,1466,0.04337867099746263,0.008423838624648166,0.004829491582585354,4.0,20
PC2,16.8,7,n_phases,1466.0,1466,0.04343655747714987,0.007813889434823475,0.004479800116577939,4.0,20
PC2,16.900000000000002,7,n_phases,1466.0,1466,0.0435051722322475,0.007185562474468088,0.004119572445873418,4.0,20
PC2,17.0,7,n_phases,1466.0,1466,0.04358438889891222,0.0065411252948983055,0.003750108585878439,4.0,20
PC2,17.1,7,n_phases,1466.0,1466,0.04367400338978112,0.005883564226328088,0.0033731206368923755,4.0,20
PC2,17.2,7,n_phases,1466.0,1466,0.0437737267081945,0.0052169980422555546,0.0029909699430513245,4.0,20
PC2,17.3,7,n_phases,1466.0,1466,0.04388317867993212,0.004547458800942971,0.002607114758472125,4.0,20
PC2,17.400000000000002,7,n_phases,1466.0,1466,0.0440018827613522,0.0038844527978789374,0.0022270051607369192,4.0,20
PC2,17.5,7,n_phases,1466.0,1466,0.044129262063064924,0.003244252681184647,0.0018599704616511002,4.0,20
PC2,17.6,7,n_phases,1466.0,1466,0.044264636705873626,0.0026570123061788737,0.0015232982419641876,4.0,20
PC2,17.7,7,n_phases,1466.0,1466,0.04440722260126616,0.002180716096097868,0.0012502316935769791,4.0,20
PC2,17.8,7,n_phases,1466.0,1466,0.04455613172284223,0.0019145777779709737,0.001097651281668751,4.0,20
PC2,17.900000000000002,7,n_phases,1466.0,1466,0.04471037390833088,0.0019575518359696517,0.001122288844260095,4.0,20
PC2,18.0,7,n_phases,1466.0,1466,0.04486886020487633,0.002298882574965544,0.001317978007397067,4.0,20
PC2,18.1,7,n_phases,1466.0,1466,0.04503040774360494,0.00283577046350799,0.0016257825195728996,4.0,20
PC2,18.2,7,n_phases,1466.0,1466,0.04519374610364356,0.0034794092438918773,0.001994788647372424,4.0,20
PC2,18.3,7,n_phases,1466.0,1466,0.045357525101187554,0.004179617928166385,0.0023962270055173885,4.0,20
PC2,18.400000000000002,7,n_phases,1466.0,1466,0.04552032391630347,0.004909838326339334,0.0028148714529655583,4.0,20
PC2,18.5,7,n_phases,1466.0,1466,0.04568066144921533,0.005655104834415343,0.0032421420225850223,4.0,20
PC2,18.6,7,n_phases,1466.0,1466,0.045837007779115924,0.0064061134571442606,0.0036727046180395164,4.0,20
PC2,18.7,7,n_phases,1466.0,1466,0.04598779658225041,0.007156472315123045,0.004102894695271469,4.0,20
PC2,18.8,7,n_phases,1466.0,1466,0.04613143835226829,0.0079013879116612,0.004529964082936505,4.0,20
PC2,18.900000000000002,7,n_phases,1466.0,1466,0.04626633425470165,0.00863700561026524,0.004951702869932487,4.0,20
PC2,19.0,7,n_phases,1466.0,1466,0.04639089043893416,0.009360062460931323,0.005366240366389855,4.0,20
PC2,19.1,7,n_phases,1466.0,1466,0.04650353262516496,0.010067697292943862,0.005771936227508216,4.0,20
PC2,19.200000000000003,7,n_phases,1466.0,1466,0.046602720780608405,0.010757344055688931,0.006167319304516492,4.0,20
PC2,19.3,7,n_phases,1466.0,1466,0.04668696369844196,0.011426671195737535,0.006551052888799829,4.0,20
PC2,19.400000000000002,7,n_phases,1466.0,1466,0.0467548332947443,0.012073547420646995,0.006921915083860613,4.0,20
PC2,19.5,7,n_phases,1466.0,1466,0.04680497844276289,0.012696022991408809,0.007278788080045858,4.0,20
PC2,19.6,7,n_phases,1466.0,1466,0.046836138170216944,0.013292320286686997,0.007620652744907562,4.0,20
PC2,19.700000000000003,7,n_phases,1466.0,1466,0.04684715405386846,0.013860829890604567,0.007946586380281959,4.0,20
PC2,19.8,7,n_phases,1466.0,1466,0.04683698165616713,0.014400109876237844,0.008255762311507903,4.0,20
PC2,19.900000000000002,7,n_phases,1466.0,1466,0.046804700861267,0.014908886790421036,0.008547450452027582,4.0,20
PC2,20.0,7,n_phases,1466.0,1466,0.046749524981988026,0.015386057351792748,0.008821018276897739,4.0,20
PC2,20.1,7,n_phases,1466.0,1466,0.046670808525202896,0.015830690192640155,0.009075931821410619,4.0,20
PC2,20.200000000000003,7,n_phases,1466.0,1466,0.046568053520502424,0.016242027183157745,0.009311756440308,4.0,20
PC2,20.3,7,n_phases,1466.0,1466,0.04644091433564325,0.01661948401810207,0.009528157144117666,4.0,20
PC2,20.400000000000002,7,n_phases,1466.0,1466,0.04628920092200849,0.016962649846025385,0.009724898386588443,4.0,20
PC2,20.5,7,n_phases,1466.0,1466,0.04611288045388419,0.017271285795451258,0.009901843219728304,4.0,20
PC2,20.6,7,n_phases,1466.0,1466,0.045912077346528794,0.017545322309622993,0.010058951765782472,4.0,20
PC2,20.700000000000003,7,n_phases,1466.0,1466,0.04568707165952359,0.0177848552473213,0.010196278981783626,4.0,20
PC2,20.8,7,n_phases,1466.0,1466,0.04543829591345467,0.017990140745057157,0.010313971713983084,4.0,20
PC2,20.900000000000002,7,n_phases,1466.0,1466,0.045166330369298985,0.01816158886770571,0.01041226505768016,4.0,20
PC2,21.0,7,n_phases,1466.0,1466,0.044871896840661826,0.018299756101556718,0.010491478053394501,4.0,20
PC2,21.1,7,n_phases,1466.0,1466,0.044555851128931484,0.018405336766521285,0.010552008763377259,4.0,20
PC2,21.200000000000003,7,n_phases,1466.0,1466,0.04421917419017081,0.018479153443280587,0.010594328783376262,4.0,20
PC2,21.3,7,n_phases,1466.0,1466,0.04386296215985049,0.018522146526771872,0.010618977253519435,4.0,20
PC2,21.400000000000002,7,n_phases,1466.0,1466,0.04348841537705649,0.01853536302980821,0.010626554439290592,4.0,20
PC2,21.5,7,n_phases,1466.0,1466,0.04309682656329583,0.01851994477005055,0.010617714958973404,4.0,20
PC2,21.6,7,n_phases,1466.0,1466,0.04268956832223319,0.018477116080253396,0.010593160737782213,4.0,20
PC2,21.700000000000003,7,n_phases,1466.0,1466,0.04226808013538862,0.01840817118599265,0.010553633771356213,4.0,20
PC2,21.8,7,n_phases,1466.0,1466,0.041833855034825104,0.01831446139729833,0.010499908782563,4.0,20
PC2,21.900000000000002,7,n_phases,1466.0,1466,0.041388426136999966,0.018197382261118816,0.010432785855846326,4.0,20
PC2,22.0,7,n_phases,1466.0,1466,0.04093335322213908,0.01805836082070088,0.010353083132870037,4.0,20
PC2,22.1,7,n_phases,1466.0,1466,0.04047020954065206,0.017898843126107174,0.010261629652142192,4.0,20
PC2,22.200000000000003,7,n_phases,1466.0,1466,0.04000056902223557,0.01772028213747615,0.010159258413803367,4.0,20
PC2,22.3,7,n_phases,1466.0,1466,0.039525994054450654,0.017524126159425384,0.010046799748926043,4.0,20
PC2,22.400000000000002,7,n_phases,1466.0,1466,0.039048023985820544,0.017311807941261817,0.009925075070529405,4.0,20
PC2,22.5,7,n_phases,1466.0,1466,0.03856816449403585,0.017084734573309425,0.009794891081018189,4.0,20
PC2,22.6,7,n_phases,1466.0,1466,0.03808787794290859,0.016844278304484,0.009657034507783945,4.0,20
PC2,22.700000000000003,7,n_phases,1466.0,1466,0.03760857483257059,0.016591768399904408,0.009512267435072184,4.0,20
PC2,22.8,7,n_phases,1466.0,1466,0.03713160642641245,0.016328484149401138,0.009361323295673272,4.0,20
PC2,22.900000000000002,7,n_phases,1466.0,1466,0.03665825861581307,0.016055649127792136,0.009204903580267078,4.0,20
PC2,23.0,7,n_phases,1466.0,1466,0.036189747060260624,0.015774426795259526,0.009043675315064172,4.0,20
PC2,23.1,7,n_phases,1466.0,1466,0.035727213616508595,0.015485917510654494,0.008878269349496317,4.0,20
PC2,23.200000000000003,7,n_phases,1466.0,1466,0.03527172404645919,0.015191157011764395,0.008709279484934678,4.0,20
PC2,23.3,7,n_phases,1466.0,1466,0.034824266970054196,0.014891116394332597,0.00853726246266164,4.0,20
PC2,23.400000000000002,7,n_phases,1466.0,1466,0.034385754007112176,0.014586703595955309,0.008362738814607334,4.0,20
PC2,23.5,7,n_phases,1466.0,1466,0.03395702103129818,0.01427876636211549,0.008186194563813814,4.0,20
PC2,23.6,7,n_phases,1466.0,1466,0.03353883044072831,0.013968096639962114,0.008008083743443424,4.0,20
PC2,23.700000000000003,7,n_phases,1466.0,1466,0.03313187433353624,0.013655436311563145,0.007828831683724124,4.0,20
PC2,23.8,7,n_phases,1466.0,1466,0.032736778463423606,0.013341484142891241,0.007648838995889519,4.0,20
PC2,23.900000000000002,7,n_phases,1466.0,1466,0.03235410684007694,0.01302690378838931,0.007468486161295985,4.0,20
