metric,phase_local_peak,correction,alpha
PC1,9.70566054645097,Benjamini-Hochberg FDR,0.05
PC1,20.13786550635739,Benjamini-Hochberg FDR,0.05
PC1,8.875339524099303,Benjamini-Hochberg FDR,0.05
PC1,0.8949747929800971,Benjamini-Hochberg FDR,0.05
PC1,15.837296760204792,Benjamini-Hochberg FDR,0.05
PC1,12.312909887384915,Benjamini-Hochberg FDR,0.05
PC1,15.347076070801878,Benjamini-Hochberg FDR,0.05
PC1,11.679970199402584,Benjamini-Hochberg FDR,0.05
PC1,2.3074314980710966,Benjamini-Hochberg FDR,0.05
PC1,5.218661301434199,Benjamini-Hochberg FDR,0.05
PC1,17.536924468596045,Benjamini-Hochberg FDR,0.05
PC1,9.02901077578392,Benjamini-Hochberg FDR,0.05
PC1,21.111744294642797,Benjamini-Hochberg FDR,0.05
PC1,1.7809460312721512,Benjamini-Hochberg FDR,0.05
PC1,16.516163355517513,Benjamini-Hochberg FDR,0.05
PC1,2.6453169695176797,Benjamini-Hochberg FDR,0.05
PC1,5.836451405213239,Benjamini-Hochberg FDR,0.05
PC1,8.959517639074136,Benjamini-Hochberg FDR,0.05
PC1,21.008569424561088,Benjamini-Hochberg FDR,0.05
PC1,18.971799894981878,Benjamini-Hochberg FDR,0.05
PC1,22.53997786078445,Benjamini-Hochberg FDR,0.05
PC1,21.097247529699693,Benjamini-Hochberg FDR,0.05
PC1,23.78302143057676,Benjamini-Hochberg FDR,0.05
PC1,22.045938393484036,Benjamini-Hochberg FDR,0.05
PC1,20.703947957711073,Benjamini-Hochberg FDR,0.05
PC1,5.356059834526903,Benjamini-Hochberg FDR,0.05
PC1,9.075028790355756,Benjamini-Hochberg FDR,0.05
PC1,22.893732641788922,Benjamini-Hochberg FDR,0.05
PC1,1.845699096737821,Benjamini-Hochberg FDR,0.05
PC1,1.6564354483890966,Benjamini-Hochberg FDR,0.05
PC1,7.253225901971323,Benjamini-Hochberg FDR,0.05
PC1,19.11519801978783,Benjamini-Hochberg FDR,0.05
PC1,21.608021400988942,Benjamini-Hochberg FDR,0.05
PC1,23.919933173169547,Benjamini-Hochberg FDR,0.05
PC1,2.594159425796871,Benjamini-Hochberg FDR,0.05
PC1,1.797926152147845,Benjamini-Hochberg FDR,0.05
PC1,7.878771812509537,Benjamini-Hochberg FDR,0.05
PC1,6.723145117498799,Benjamini-Hochberg FDR,0.05
PC1,15.552939766495491,Benjamini-Hochberg FDR,0.05
PC1,9.049216685738932,Benjamini-Hochberg FDR,0.05
PC1,0.09164325289283681,Benjamini-Hochberg FDR,0.05
PC1,4.789719201653146,Benjamini-Hochberg FDR,0.05
PC1,6.9365671653013266,Benjamini-Hochberg FDR,0.05
PC1,19.589394422024405,Benjamini-Hochberg FDR,0.05
PC1,22.95708863902793,Benjamini-Hochberg FDR,0.05
PC1,20.08545506332048,Benjamini-Hochberg FDR,0.05
PC1,21.864068464942374,Benjamini-Hochberg FDR,0.05
PC1,7.1724809361435895,Benjamini-Hochberg FDR,0.05
PC1,6.523740105725285,Benjamini-Hochberg FDR,0.05
PC1,19.422039747203158,Benjamini-Hochberg FDR,0.05
PC1,23.479467510575397,Benjamini-Hochberg FDR,0.05
PC1,23.042778364233552,Benjamini-Hochberg FDR,0.05
PC1,11.92788121526047,Benjamini-Hochberg FDR,0.05
PC1,21.58487776245892,Benjamini-Hochberg FDR,0.05
PC1,21.993375609966815,Benjamini-Hochberg FDR,0.05
PC1,7.415061458970698,Benjamini-Hochberg FDR,0.05
PC1,8.195175931831812,Benjamini-Hochberg FDR,0.05
PC1,9.246329630867734,Benjamini-Hochberg FDR,0.05
PC1,7.012242040610985,Benjamini-Hochberg FDR,0.05
PC1,7.092785313769788,Benjamini-Hochberg FDR,0.05
PC1,6.626454556277238,Benjamini-Hochberg FDR,0.05
PC1,6.197831922982566,Benjamini-Hochberg FDR,0.05
PC1,0.41410379810825404,Benjamini-Hochberg FDR,0.05
PC1,4.719253033957244,Benjamini-Hochberg FDR,0.05
PC1,23.303489410451817,Benjamini-Hochberg FDR,0.05
PC1,23.48188668760715,Benjamini-Hochberg FDR,0.05
PC1,10.645153396126144,Benjamini-Hochberg FDR,0.05
PC1,23.618408097250764,Benjamini-Hochberg FDR,0.05
PC1,4.173848007371205,Benjamini-Hochberg FDR,0.05
PC1,7.716781963096324,Benjamini-Hochberg FDR,0.05
PC1,16.38454201796465,Benjamini-Hochberg FDR,0.05
PC1,1.5823006162615982,Benjamini-Hochberg FDR,0.05
PC1,9.508179714199162,Benjamini-Hochberg FDR,0.05
PC1,9.72666280188538,Benjamini-Hochberg FDR,0.05
PC1,21.174670861190016,Benjamini-Hochberg FDR,0.05
PC1,5.994016842130787,Benjamini-Hochberg FDR,0.05
PC1,7.08060920126735,Benjamini-Hochberg FDR,0.05
PC1,11.492471934336738,Benjamini-Hochberg FDR,0.05
PC1,16.747804054507068,Benjamini-Hochberg FDR,0.05
PC1,10.652437333800695,Benjamini-Hochberg FDR,0.05
PC1,9.228213771595673,Benjamini-Hochberg FDR,0.05
PC1,9.08101729286494,Benjamini-Hochberg FDR,0.05
PC1,5.996056543961963,Benjamini-Hochberg FDR,0.05
PC1,12.927346955075667,Benjamini-Hochberg FDR,0.05
PC1,20.985209243360377,Benjamini-Hochberg FDR,0.05
PC1,0.9643777134835503,Benjamini-Hochberg FDR,0.05
PC1,16.340661851347445,Benjamini-Hochberg FDR,0.05
PC1,3.4361358703719524,Benjamini-Hochberg FDR,0.05
PC1,7.601691087446671,Benjamini-Hochberg FDR,0.05
PC1,7.814185774191525,Benjamini-Hochberg FDR,0.05
PC1,11.10007151976395,Benjamini-Hochberg FDR,0.05
PC1,7.739816074539572,Benjamini-Hochberg FDR,0.05
PC1,6.839585201705287,Benjamini-Hochberg FDR,0.05
PC1,0.01024134301948365,Benjamini-Hochberg FDR,0.05
PC1,3.651000356393471,Benjamini-Hochberg FDR,0.05
PC1,13.71563959296033,Benjamini-Hochberg FDR,0.05
PC1,1.2765729836313184,Benjamini-Hochberg FDR,0.05
PC1,7.172250035224117,Benjamini-Hochberg FDR,0.05
PC1,20.370121402477476,Benjamini-Hochberg FDR,0.05
PC1,18.76804147180981,Benjamini-Hochberg FDR,0.05
PC1,4.289102693019068,Benjamini-Hochberg FDR,0.05
PC1,8.647106270867909,Benjamini-Hochberg FDR,0.05
PC1,9.03518483753638,Benjamini-Hochberg FDR,0.05
PC1,7.677386358877975,Benjamini-Hochberg FDR,0.05
PC1,16.81946622299125,Benjamini-Hochberg FDR,0.05
PC1,19.695857287794222,Benjamini-Hochberg FDR,0.05
PC1,19.219504419766906,Benjamini-Hochberg FDR,0.05
PC1,16.152504103829607,Benjamini-Hochberg FDR,0.05
PC1,23.87607192985558,Benjamini-Hochberg FDR,0.05
PC1,13.020969604592388,Benjamini-Hochberg FDR,0.05
PC1,19.528611154450612,Benjamini-Hochberg FDR,0.05
PC1,11.414297154924832,Benjamini-Hochberg FDR,0.05
PC1,17.79637871465302,Benjamini-Hochberg FDR,0.05
PC1,6.861860880943613,Benjamini-Hochberg FDR,0.05
PC1,17.23283525859803,Benjamini-Hochberg FDR,0.05
PC1,9.793998674273094,Benjamini-Hochberg FDR,0.05
PC1,15.118545788288904,Benjamini-Hochberg FDR,0.05
PC1,21.741480243108484,Benjamini-Hochberg FDR,0.05
PC1,20.187572194340838,Benjamini-Hochberg FDR,0.05
PC1,23.63849360557395,Benjamini-Hochberg FDR,0.05
PC1,5.119767898243978,Benjamini-Hochberg FDR,0.05
PC1,7.385319700461967,Benjamini-Hochberg FDR,0.05
PC1,9.282554331293413,Benjamini-Hochberg FDR,0.05
PC1,22.25499357079259,Benjamini-Hochberg FDR,0.05
PC1,21.54470801134366,Benjamini-Hochberg FDR,0.05
PC1,6.083600474212297,Benjamini-Hochberg FDR,0.05
PC1,2.266977211599265,Benjamini-Hochberg FDR,0.05
PC1,20.952892521175208,Benjamini-Hochberg FDR,0.05
PC1,9.340128528640308,Benjamini-Hochberg FDR,0.05
PC1,9.185066165595778,Benjamini-Hochberg FDR,0.05
PC1,1.6742311847796358,Benjamini-Hochberg FDR,0.05
PC1,9.222436965010465,Benjamini-Hochberg FDR,0.05
PC1,1.854446825556451,Benjamini-Hochberg FDR,0.05
PC1,22.991738332125177,Benjamini-Hochberg FDR,0.05
PC1,23.091997666149275,Benjamini-Hochberg FDR,0.05
PC1,9.091735482322438,Benjamini-Hochberg FDR,0.05
PC1,6.3068263193284615,Benjamini-Hochberg FDR,0.05
PC1,22.632032625860496,Benjamini-Hochberg FDR,0.05
PC1,7.972603994595726,Benjamini-Hochberg FDR,0.05
PC1,11.654527851927337,Benjamini-Hochberg FDR,0.05
PC1,23.13160412475827,Benjamini-Hochberg FDR,0.05
PC1,15.307383815146522,Benjamini-Hochberg FDR,0.05
PC1,10.95314966775437,Benjamini-Hochberg FDR,0.05
PC1,1.9603614823123685,Benjamini-Hochberg FDR,0.05
PC1,23.19916447466033,Benjamini-Hochberg FDR,0.05
PC1,11.816169038745842,Benjamini-Hochberg FDR,0.05
PC1,8.01786926630922,Benjamini-Hochberg FDR,0.05
PC1,6.341430983353781,Benjamini-Hochberg FDR,0.05
PC1,14.414953859793908,Benjamini-Hochberg FDR,0.05
PC1,8.738046268084759,Benjamini-Hochberg FDR,0.05
PC1,21.960409635739566,Benjamini-Hochberg FDR,0.05
PC1,6.849612164494815,Benjamini-Hochberg FDR,0.05
PC1,12.455504701689541,Benjamini-Hochberg FDR,0.05
PC1,17.383016524238908,Benjamini-Hochberg FDR,0.05
PC1,23.259430448005972,Benjamini-Hochberg FDR,0.05
PC1,4.949304849729359,Benjamini-Hochberg FDR,0.05
PC1,23.655706150707914,Benjamini-Hochberg FDR,0.05
PC1,21.12451678365654,Benjamini-Hochberg FDR,0.05
PC1,20.99322946610092,Benjamini-Hochberg FDR,0.05
PC1,5.526259062896639,Benjamini-Hochberg FDR,0.05
PC1,11.672112349878635,Benjamini-Hochberg FDR,0.05
PC1,20.630875606511083,Benjamini-Hochberg FDR,0.05
PC1,0.12735887356621234,Benjamini-Hochberg FDR,0.05
PC1,7.6662337974929,Benjamini-Hochberg FDR,0.05
PC1,1.8386405573175892,Benjamini-Hochberg FDR,0.05
PC1,19.812211393953667,Benjamini-Hochberg FDR,0.05
PC1,2.8199229021756693,Benjamini-Hochberg FDR,0.05
PC1,0.29654425083818836,Benjamini-Hochberg FDR,0.05
PC1,9.709533775357448,Benjamini-Hochberg FDR,0.05
PC1,4.700464239653549,Benjamini-Hochberg FDR,0.05
PC1,5.447746896916325,Benjamini-Hochberg FDR,0.05
PC1,3.0401826523125095,Benjamini-Hochberg FDR,0.05
PC1,5.463162909841941,Benjamini-Hochberg FDR,0.05
PC1,23.04366005297775,Benjamini-Hochberg FDR,0.05
PC1,3.55181384212516,Benjamini-Hochberg FDR,0.05
PC1,14.154053045692567,Benjamini-Hochberg FDR,0.05
PC1,20.822321734957725,Benjamini-Hochberg FDR,0.05
PC1,20.69486655410204,Benjamini-Hochberg FDR,0.05
PC1,22.827387096735443,Benjamini-Hochberg FDR,0.05
PC1,7.679104425917057,Benjamini-Hochberg FDR,0.05
PC1,23.950653050302233,Benjamini-Hochberg FDR,0.05
PC1,15.381041066569658,Benjamini-Hochberg FDR,0.05
PC1,18.94855327866867,Benjamini-Hochberg FDR,0.05
PC1,21.584825393911657,Benjamini-Hochberg FDR,0.05
PC1,2.703559992874151,Benjamini-Hochberg FDR,0.05
PC1,0.49686134457775566,Benjamini-Hochberg FDR,0.05
PC1,20.86227879807038,Benjamini-Hochberg FDR,0.05
PC1,11.130821259536436,Benjamini-Hochberg FDR,0.05
PC1,4.649332318947408,Benjamini-Hochberg FDR,0.05
PC1,3.7073562423000013,Benjamini-Hochberg FDR,0.05
PC1,18.511518148500613,Benjamini-Hochberg FDR,0.05
PC1,22.970253382024616,Benjamini-Hochberg FDR,0.05
PC1,14.601813958779847,Benjamini-Hochberg FDR,0.05
PC1,8.531568605860613,Benjamini-Hochberg FDR,0.05
PC1,23.038497155629223,Benjamini-Hochberg FDR,0.05
PC1,8.646360222911142,Benjamini-Hochberg FDR,0.05
PC1,10.891294827515491,Benjamini-Hochberg FDR,0.05
PC1,21.863148900515554,Benjamini-Hochberg FDR,0.05
PC1,9.407803772725366,Benjamini-Hochberg FDR,0.05
PC1,20.145004421568807,Benjamini-Hochberg FDR,0.05
PC1,6.152881227473234,Benjamini-Hochberg FDR,0.05
PC1,15.991282199388522,Benjamini-Hochberg FDR,0.05
PC1,19.481125467077963,Benjamini-Hochberg FDR,0.05
PC1,8.647927326233372,Benjamini-Hochberg FDR,0.05
PC1,3.9167024273859283,Benjamini-Hochberg FDR,0.05
PC1,20.098426847289133,Benjamini-Hochberg FDR,0.05
PC1,21.102960345329386,Benjamini-Hochberg FDR,0.05
PC1,9.81940394038193,Benjamini-Hochberg FDR,0.05
PC1,13.87377219764858,Benjamini-Hochberg FDR,0.05
PC1,5.605118692520861,Benjamini-Hochberg FDR,0.05
PC1,5.62677676998528,Benjamini-Hochberg FDR,0.05
PC1,8.580282617457073,Benjamini-Hochberg FDR,0.05
PC1,0.047922996149182495,Benjamini-Hochberg FDR,0.05
PC1,18.093073794825386,Benjamini-Hochberg FDR,0.05
PC1,20.171763203584028,Benjamini-Hochberg FDR,0.05
PC1,3.4739050823751825,Benjamini-Hochberg FDR,0.05
PC1,19.333648540407857,Benjamini-Hochberg FDR,0.05
PC1,1.4199986698683809,Benjamini-Hochberg FDR,0.05
PC1,9.043963396660313,Benjamini-Hochberg FDR,0.05
PC1,9.41247436831234,Benjamini-Hochberg FDR,0.05
PC1,21.549958061555998,Benjamini-Hochberg FDR,0.05
PC1,20.50026022205256,Benjamini-Hochberg FDR,0.05
PC1,22.27835626877887,Benjamini-Hochberg FDR,0.05
PC1,17.765913991657865,Benjamini-Hochberg FDR,0.05
PC1,6.277770658221542,Benjamini-Hochberg FDR,0.05
PC1,10.231353145169374,Benjamini-Hochberg FDR,0.05
PC1,21.800923305720843,Benjamini-Hochberg FDR,0.05
PC1,4.990427405084773,Benjamini-Hochberg FDR,0.05
PC1,7.298222528608967,Benjamini-Hochberg FDR,0.05
PC1,9.657422697390313,Benjamini-Hochberg FDR,0.05
PC1,7.059373869616756,Benjamini-Hochberg FDR,0.05
PC1,12.293576137237894,Benjamini-Hochberg FDR,0.05
PC1,22.422477337469246,Benjamini-Hochberg FDR,0.05
PC1,22.46511575994259,Benjamini-Hochberg FDR,0.05
PC1,23.905559418523474,Benjamini-Hochberg FDR,0.05
PC1,20.04939819999083,Benjamini-Hochberg FDR,0.05
PC1,14.566256747658532,Benjamini-Hochberg FDR,0.05
PC1,9.626992223591733,Benjamini-Hochberg FDR,0.05
PC1,12.626017595410145,Benjamini-Hochberg FDR,0.05
PC1,10.050960787245597,Benjamini-Hochberg FDR,0.05
PC1,9.745510825674762,Benjamini-Hochberg FDR,0.05
PC1,22.07089964200138,Benjamini-Hochberg FDR,0.05
PC1,7.143774175642633,Benjamini-Hochberg FDR,0.05
PC1,14.228489316321873,Benjamini-Hochberg FDR,0.05
PC1,8.598031949486405,Benjamini-Hochberg FDR,0.05
PC1,9.592449540101166,Benjamini-Hochberg FDR,0.05
PC1,9.800732731698584,Benjamini-Hochberg FDR,0.05
PC1,1.7270575964242738,Benjamini-Hochberg FDR,0.05
PC1,8.484594057556805,Benjamini-Hochberg FDR,0.05
PC1,3.3374121887186696,Benjamini-Hochberg FDR,0.05
PC1,7.773185117095579,Benjamini-Hochberg FDR,0.05
PC1,5.971888727726899,Benjamini-Hochberg FDR,0.05
PC1,6.818908510951605,Benjamini-Hochberg FDR,0.05
PC1,20.636999113792413,Benjamini-Hochberg FDR,0.05
PC1,18.292942939127133,Benjamini-Hochberg FDR,0.05
PC1,16.6863872261489,Benjamini-Hochberg FDR,0.05
PC1,7.311410301276641,Benjamini-Hochberg FDR,0.05
PC1,10.262862949649833,Benjamini-Hochberg FDR,0.05
PC1,18.709723993665,Benjamini-Hochberg FDR,0.05
PC1,7.465011465044615,Benjamini-Hochberg FDR,0.05
PC1,10.942522915509622,Benjamini-Hochberg FDR,0.05
PC1,8.569322955467314,Benjamini-Hochberg FDR,0.05
PC1,13.166677842244098,Benjamini-Hochberg FDR,0.05
PC1,6.991929200619062,Benjamini-Hochberg FDR,0.05
PC1,5.75541253869574,Benjamini-Hochberg FDR,0.05
PC1,11.273411558995976,Benjamini-Hochberg FDR,0.05
PC1,22.426553871287204,Benjamini-Hochberg FDR,0.05
PC1,2.1827452570920407,Benjamini-Hochberg FDR,0.05
PC1,18.61947052378661,Benjamini-Hochberg FDR,0.05
PC1,10.90408612599184,Benjamini-Hochberg FDR,0.05
PC1,9.319055909349666,Benjamini-Hochberg FDR,0.05
PC1,5.463784693397574,Benjamini-Hochberg FDR,0.05
PC1,2.9988070941032348,Benjamini-Hochberg FDR,0.05
PC1,4.095277418941855,Benjamini-Hochberg FDR,0.05
PC1,18.765028481269084,Benjamini-Hochberg FDR,0.05
PC1,9.003227432347005,Benjamini-Hochberg FDR,0.05
PC1,8.272437025348111,Benjamini-Hochberg FDR,0.05
PC1,19.895086591856327,Benjamini-Hochberg FDR,0.05
PC1,1.178800527619405,Benjamini-Hochberg FDR,0.05
PC1,20.302135594913327,Benjamini-Hochberg FDR,0.05
PC1,22.10690572396805,Benjamini-Hochberg FDR,0.05
PC1,6.193797482593627,Benjamini-Hochberg FDR,0.05
PC1,23.753038532371974,Benjamini-Hochberg FDR,0.05
PC1,6.34580435980094,Benjamini-Hochberg FDR,0.05
PC1,4.959262078843764,Benjamini-Hochberg FDR,0.05
PC1,19.36433064682496,Benjamini-Hochberg FDR,0.05
PC1,15.096553655969032,Benjamini-Hochberg FDR,0.05
PC1,1.212347648722222,Benjamini-Hochberg FDR,0.05
PC1,3.8398614228845176,Benjamini-Hochberg FDR,0.05
PC1,19.672379900135503,Benjamini-Hochberg FDR,0.05
PC1,23.545322757334713,Benjamini-Hochberg FDR,0.05
PC1,9.729150873232,Benjamini-Hochberg FDR,0.05
PC1,6.292756878048408,Benjamini-Hochberg FDR,0.05
PC1,8.250780443749555,Benjamini-Hochberg FDR,0.05
PC1,9.67597648010824,Benjamini-Hochberg FDR,0.05
PC1,4.805935954287158,Benjamini-Hochberg FDR,0.05
PC1,10.906265940255683,Benjamini-Hochberg FDR,0.05
PC1,16.79029957427656,Benjamini-Hochberg FDR,0.05
PC1,13.41468445792302,Benjamini-Hochberg FDR,0.05
PC1,16.0182498316656,Benjamini-Hochberg FDR,0.05
PC1,3.5937068161139827,Benjamini-Hochberg FDR,0.05
PC1,18.404130224672905,Benjamini-Hochberg FDR,0.05
PC1,8.638168017352442,Benjamini-Hochberg FDR,0.05
PC1,3.7033229542174055,Benjamini-Hochberg FDR,0.05
PC1,23.31541871975285,Benjamini-Hochberg FDR,0.05
PC1,8.143267691418231,Benjamini-Hochberg FDR,0.05
PC1,8.388875646442841,Benjamini-Hochberg FDR,0.05
PC1,8.747474940164778,Benjamini-Hochberg FDR,0.05
PC1,9.595737956208032,Benjamini-Hochberg FDR,0.05
PC1,21.028898796274653,Benjamini-Hochberg FDR,0.05
PC1,8.294256893470632,Benjamini-Hochberg FDR,0.05
PC1,19.520232890050774,Benjamini-Hochberg FDR,0.05
PC1,20.39904632602422,Benjamini-Hochberg FDR,0.05
PC1,3.915364461695347,Benjamini-Hochberg FDR,0.05
PC1,19.63984856341807,Benjamini-Hochberg FDR,0.05
PC1,20.05950461796036,Benjamini-Hochberg FDR,0.05
PC1,11.24065268247481,Benjamini-Hochberg FDR,0.05
PC1,7.042626956110993,Benjamini-Hochberg FDR,0.05
PC1,8.916694622234473,Benjamini-Hochberg FDR,0.05
PC1,13.752131363449884,Benjamini-Hochberg FDR,0.05
PC1,9.540245114936353,Benjamini-Hochberg FDR,0.05
PC1,5.3406834403482115,Benjamini-Hochberg FDR,0.05
PC1,7.204666827827218,Benjamini-Hochberg FDR,0.05
PC1,16.014610604624696,Benjamini-Hochberg FDR,0.05
PC1,7.47580685718345,Benjamini-Hochberg FDR,0.05
PC1,13.879751273160377,Benjamini-Hochberg FDR,0.05
PC1,22.78666820846548,Benjamini-Hochberg FDR,0.05
PC1,21.989940315555017,Benjamini-Hochberg FDR,0.05
PC1,3.6953246029561626,Benjamini-Hochberg FDR,0.05
PC1,18.56418626320216,Benjamini-Hochberg FDR,0.05
PC1,4.512814968902958,Benjamini-Hochberg FDR,0.05
PC1,7.954515560475389,Benjamini-Hochberg FDR,0.05
PC1,21.27514410022206,Benjamini-Hochberg FDR,0.05
PC1,21.737927015874057,Benjamini-Hochberg FDR,0.05
PC1,9.255059918345575,Benjamini-Hochberg FDR,0.05
PC1,9.823240099433628,Benjamini-Hochberg FDR,0.05
PC1,21.535232485810962,Benjamini-Hochberg FDR,0.05
PC1,20.668429714666953,Benjamini-Hochberg FDR,0.05
PC1,21.285592874035054,Benjamini-Hochberg FDR,0.05
PC1,19.337324226446135,Benjamini-Hochberg FDR,0.05
PC1,22.22162804076978,Benjamini-Hochberg FDR,0.05
PC1,4.461618715709257,Benjamini-Hochberg FDR,0.05
PC1,21.34741566025358,Benjamini-Hochberg FDR,0.05
PC1,9.891145454084835,Benjamini-Hochberg FDR,0.05
PC1,11.923823545263474,Benjamini-Hochberg FDR,0.05
PC1,20.23067445781588,Benjamini-Hochberg FDR,0.05
PC1,8.78605711902955,Benjamini-Hochberg FDR,0.05
PC1,6.309913596235436,Benjamini-Hochberg FDR,0.05
PC1,20.375086770767794,Benjamini-Hochberg FDR,0.05
PC1,7.044071478777834,Benjamini-Hochberg FDR,0.05
PC1,9.623453932196458,Benjamini-Hochberg FDR,0.05
PC1,18.873384054775077,Benjamini-Hochberg FDR,0.05
PC1,9.731631460461958,Benjamini-Hochberg FDR,0.05
PC1,6.726002383555858,Benjamini-Hochberg FDR,0.05
PC1,9.477818718078712,Benjamini-Hochberg FDR,0.05
PC1,9.410164526363518,Benjamini-Hochberg FDR,0.05
PC1,20.573341615208562,Benjamini-Hochberg FDR,0.05
PC1,8.895771918036388,Benjamini-Hochberg FDR,0.05
PC1,13.917081964114084,Benjamini-Hochberg FDR,0.05
PC1,14.663396351063422,Benjamini-Hochberg FDR,0.05
PC1,9.359596835690361,Benjamini-Hochberg FDR,0.05
PC1,6.120970275961287,Benjamini-Hochberg FDR,0.05
PC1,19.48697024369313,Benjamini-Hochberg FDR,0.05
PC1,9.68837495912769,Benjamini-Hochberg FDR,0.05
PC1,6.7632256123942085,Benjamini-Hochberg FDR,0.05
PC1,9.962659782348807,Benjamini-Hochberg FDR,0.05
PC1,7.2299778422474645,Benjamini-Hochberg FDR,0.05
PC1,12.60175874804972,Benjamini-Hochberg FDR,0.05
PC1,11.912062732830174,Benjamini-Hochberg FDR,0.05
PC1,7.243914454325125,Benjamini-Hochberg FDR,0.05
PC1,18.369732069629997,Benjamini-Hochberg FDR,0.05
PC1,6.444239864144482,Benjamini-Hochberg FDR,0.05
PC1,20.08385648093028,Benjamini-Hochberg FDR,0.05
PC1,5.978073350866353,Benjamini-Hochberg FDR,0.05
PC1,17.612643555097033,Benjamini-Hochberg FDR,0.05
PC1,21.477748606102764,Benjamini-Hochberg FDR,0.05
PC1,11.868936431289768,Benjamini-Hochberg FDR,0.05
PC1,19.936629697072487,Benjamini-Hochberg FDR,0.05
PC1,6.4694093526629075,Benjamini-Hochberg FDR,0.05
PC1,20.858354740145423,Benjamini-Hochberg FDR,0.05
PC1,0.43055962833136974,Benjamini-Hochberg FDR,0.05
PC1,5.437922821373185,Benjamini-Hochberg FDR,0.05
PC1,6.6952320122827516,Benjamini-Hochberg FDR,0.05
PC1,5.726214894713177,Benjamini-Hochberg FDR,0.05
PC1,6.61567702037166,Benjamini-Hochberg FDR,0.05
PC1,12.522394129914197,Benjamini-Hochberg FDR,0.05
PC1,21.07284375913367,Benjamini-Hochberg FDR,0.05
PC1,9.101848660316907,Benjamini-Hochberg FDR,0.05
PC1,21.68057526686637,Benjamini-Hochberg FDR,0.05
PC1,22.10047273545222,Benjamini-Hochberg FDR,0.05
PC1,22.023957675561146,Benjamini-Hochberg FDR,0.05
PC1,7.097714616131686,Benjamini-Hochberg FDR,0.05
PC1,7.621198707845512,Benjamini-Hochberg FDR,0.05
PC1,17.366137277536083,Benjamini-Hochberg FDR,0.05
PC1,22.59388584492111,Benjamini-Hochberg FDR,0.05
PC1,14.625151457434766,Benjamini-Hochberg FDR,0.05
PC1,8.997552554077544,Benjamini-Hochberg FDR,0.05
PC1,2.194008219858503,Benjamini-Hochberg FDR,0.05
PC1,21.397757318597108,Benjamini-Hochberg FDR,0.05
PC1,21.126520396827466,Benjamini-Hochberg FDR,0.05
PC1,7.717215824912369,Benjamini-Hochberg FDR,0.05
PC1,0.5229114582550167,Benjamini-Hochberg FDR,0.05
PC1,19.827048358623344,Benjamini-Hochberg FDR,0.05
PC1,6.141943775722126,Benjamini-Hochberg FDR,0.05
PC1,22.58140671700535,Benjamini-Hochberg FDR,0.05
PC1,23.249855618062703,Benjamini-Hochberg FDR,0.05
PC1,21.872860783006377,Benjamini-Hochberg FDR,0.05
PC1,17.433229449645488,Benjamini-Hochberg FDR,0.05
PC1,7.473083388529407,Benjamini-Hochberg FDR,0.05
PC1,18.15870531883834,Benjamini-Hochberg FDR,0.05
PC1,20.08297852752447,Benjamini-Hochberg FDR,0.05
PC1,10.106012004969728,Benjamini-Hochberg FDR,0.05
PC1,9.045673802645693,Benjamini-Hochberg FDR,0.05
PC1,9.111997407325447,Benjamini-Hochberg FDR,0.05
PC1,9.622547906720127,Benjamini-Hochberg FDR,0.05
PC1,19.751146625662024,Benjamini-Hochberg FDR,0.05
PC1,18.393668343029933,Benjamini-Hochberg FDR,0.05
PC1,7.439308755007911,Benjamini-Hochberg FDR,0.05
PC1,17.318510066687594,Benjamini-Hochberg FDR,0.05
PC1,7.954244610279208,Benjamini-Hochberg FDR,0.05
PC1,15.790200101316245,Benjamini-Hochberg FDR,0.05
PC1,5.915789945453817,Benjamini-Hochberg FDR,0.05
PC1,0.6291232751606302,Benjamini-Hochberg FDR,0.05
PC1,6.390194675692701,Benjamini-Hochberg FDR,0.05
PC1,19.09017727191884,Benjamini-Hochberg FDR,0.05
PC1,19.342958736877634,Benjamini-Hochberg FDR,0.05
PC1,18.27089391302985,Benjamini-Hochberg FDR,0.05
PC1,20.010692386165374,Benjamini-Hochberg FDR,0.05
PC1,5.043558483121448,Benjamini-Hochberg FDR,0.05
PC1,0.8380365010123363,Benjamini-Hochberg FDR,0.05
PC1,14.32367013064467,Benjamini-Hochberg FDR,0.05
PC1,19.621367493123593,Benjamini-Hochberg FDR,0.05
PC1,22.331517974058457,Benjamini-Hochberg FDR,0.05
PC1,2.4656026798115818,Benjamini-Hochberg FDR,0.05
PC1,2.502827879686137,Benjamini-Hochberg FDR,0.05
PC1,22.023363498354787,Benjamini-Hochberg FDR,0.05
PC1,2.8679252426454553,Benjamini-Hochberg FDR,0.05
PC1,17.50284885696498,Benjamini-Hochberg FDR,0.05
PC1,0.754124542196557,Benjamini-Hochberg FDR,0.05
PC1,10.571475922903257,Benjamini-Hochberg FDR,0.05
PC1,22.433400060907147,Benjamini-Hochberg FDR,0.05
PC1,5.086965329817293,Benjamini-Hochberg FDR,0.05
PC1,18.18797439159312,Benjamini-Hochberg FDR,0.05
PC1,6.640516161448325,Benjamini-Hochberg FDR,0.05
PC1,6.139194196327626,Benjamini-Hochberg FDR,0.05
PC1,7.986361725496611,Benjamini-Hochberg FDR,0.05
PC1,20.25226816400826,Benjamini-Hochberg FDR,0.05
PC1,21.981199644648093,Benjamini-Hochberg FDR,0.05
PC1,7.518379917246886,Benjamini-Hochberg FDR,0.05
PC1,8.569446178635069,Benjamini-Hochberg FDR,0.05
PC1,4.857025429545665,Benjamini-Hochberg FDR,0.05
PC1,16.434716300608585,Benjamini-Hochberg FDR,0.05
PC1,7.77267561634762,Benjamini-Hochberg FDR,0.05
PC1,22.595737806384285,Benjamini-Hochberg FDR,0.05
PC1,7.011373012631729,Benjamini-Hochberg FDR,0.05
PC1,5.176604803057991,Benjamini-Hochberg FDR,0.05
PC1,5.610362620518114,Benjamini-Hochberg FDR,0.05
PC1,5.277645389925663,Benjamini-Hochberg FDR,0.05
PC1,6.684169656143528,Benjamini-Hochberg FDR,0.05
PC1,17.244113428507188,Benjamini-Hochberg FDR,0.05
PC1,7.307909557544985,Benjamini-Hochberg FDR,0.05
PC1,8.296768590174551,Benjamini-Hochberg FDR,0.05
PC1,21.534467487524893,Benjamini-Hochberg FDR,0.05
PC1,13.326303649717325,Benjamini-Hochberg FDR,0.05
PC1,2.9342334844972626,Benjamini-Hochberg FDR,0.05
PC1,23.29743053714131,Benjamini-Hochberg FDR,0.05
PC1,22.075537816837205,Benjamini-Hochberg FDR,0.05
PC1,9.194906884575161,Benjamini-Hochberg FDR,0.05
PC1,8.481109101086012,Benjamini-Hochberg FDR,0.05
PC1,18.389435023027694,Benjamini-Hochberg FDR,0.05
PC1,4.080542441741201,Benjamini-Hochberg FDR,0.05
PC1,2.129742751503958,Benjamini-Hochberg FDR,0.05
PC1,19.37388512644464,Benjamini-Hochberg FDR,0.05
PC1,7.288208576970408,Benjamini-Hochberg FDR,0.05
PC1,6.039311336284467,Benjamini-Hochberg FDR,0.05
PC1,22.22015062962629,Benjamini-Hochberg FDR,0.05
PC1,17.71922367412527,Benjamini-Hochberg FDR,0.05
PC1,13.872355931953749,Benjamini-Hochberg FDR,0.05
PC1,20.256483258672866,Benjamini-Hochberg FDR,0.05
PC1,8.85985540718137,Benjamini-Hochberg FDR,0.05
PC1,3.10404430299738,Benjamini-Hochberg FDR,0.05
PC1,8.698700779909373,Benjamini-Hochberg FDR,0.05
PC1,8.974650044845589,Benjamini-Hochberg FDR,0.05
PC1,19.85889338192169,Benjamini-Hochberg FDR,0.05
PC1,20.754603862854964,Benjamini-Hochberg FDR,0.05
PC1,23.04787365999094,Benjamini-Hochberg FDR,0.05
PC1,22.113286469521334,Benjamini-Hochberg FDR,0.05
PC1,7.205299713486326,Benjamini-Hochberg FDR,0.05
PC1,1.083401015742293,Benjamini-Hochberg FDR,0.05
PC1,20.641954916099664,Benjamini-Hochberg FDR,0.05
PC1,2.367315566358293,Benjamini-Hochberg FDR,0.05
PC1,22.5754170505649,Benjamini-Hochberg FDR,0.05
PC1,14.085629769998329,Benjamini-Hochberg FDR,0.05
PC1,2.4583980912002446,Benjamini-Hochberg FDR,0.05
PC1,19.170681473345887,Benjamini-Hochberg FDR,0.05
PC1,22.93459745255582,Benjamini-Hochberg FDR,0.05
PC1,0.9330302052864354,Benjamini-Hochberg FDR,0.05
PC1,22.242238462079012,Benjamini-Hochberg FDR,0.05
PC1,9.167417957607391,Benjamini-Hochberg FDR,0.05
PC1,7.1946928038987785,Benjamini-Hochberg FDR,0.05
PC1,1.635253754388522,Benjamini-Hochberg FDR,0.05
PC1,17.932140780783612,Benjamini-Hochberg FDR,0.05
PC1,10.864109774080195,Benjamini-Hochberg FDR,0.05
PC1,9.468186544485143,Benjamini-Hochberg FDR,0.05
PC1,21.025785764446837,Benjamini-Hochberg FDR,0.05
PC1,6.981027620182957,Benjamini-Hochberg FDR,0.05
PC1,23.049898046022264,Benjamini-Hochberg FDR,0.05
PC1,9.576423661651992,Benjamini-Hochberg FDR,0.05
PC1,8.98340213794335,Benjamini-Hochberg FDR,0.05
PC1,7.455190924445734,Benjamini-Hochberg FDR,0.05
PC1,1.4315447134268666,Benjamini-Hochberg FDR,0.05
PC1,20.896793279710586,Benjamini-Hochberg FDR,0.05
PC1,23.319335201689274,Benjamini-Hochberg FDR,0.05
PC1,22.374894126106327,Benjamini-Hochberg FDR,0.05
PC1,23.159886007588263,Benjamini-Hochberg FDR,0.05
PC1,11.140628674657446,Benjamini-Hochberg FDR,0.05
PC1,7.620723672072945,Benjamini-Hochberg FDR,0.05
PC1,23.49142241497988,Benjamini-Hochberg FDR,0.05
PC1,17.871887970078298,Benjamini-Hochberg FDR,0.05
PC1,7.445935794545932,Benjamini-Hochberg FDR,0.05
PC1,20.87751889346182,Benjamini-Hochberg FDR,0.05
PC1,21.960702374375735,Benjamini-Hochberg FDR,0.05
PC1,19.65911389965592,Benjamini-Hochberg FDR,0.05
PC1,8.395858977345284,Benjamini-Hochberg FDR,0.05
PC1,15.826559742160109,Benjamini-Hochberg FDR,0.05
PC1,11.450260483154434,Benjamini-Hochberg FDR,0.05
PC1,21.24350139717911,Benjamini-Hochberg FDR,0.05
PC1,10.678783937795588,Benjamini-Hochberg FDR,0.05
PC1,7.900001274953414,Benjamini-Hochberg FDR,0.05
PC1,21.07151089384046,Benjamini-Hochberg FDR,0.05
PC1,6.455522934703321,Benjamini-Hochberg FDR,0.05
PC1,12.676427356387006,Benjamini-Hochberg FDR,0.05
PC1,4.340998557495531,Benjamini-Hochberg FDR,0.05
PC1,10.690967852265885,Benjamini-Hochberg FDR,0.05
PC1,9.18229368544453,Benjamini-Hochberg FDR,0.05
PC1,19.580021633335956,Benjamini-Hochberg FDR,0.05
PC1,13.68017981778894,Benjamini-Hochberg FDR,0.05
PC1,4.399025072592366,Benjamini-Hochberg FDR,0.05
PC1,9.706250465708386,Benjamini-Hochberg FDR,0.05
PC1,3.0824207096631895,Benjamini-Hochberg FDR,0.05
PC1,2.8314873805870135,Benjamini-Hochberg FDR,0.05
PC1,7.94902137461083,Benjamini-Hochberg FDR,0.05
PC1,8.360424903361782,Benjamini-Hochberg FDR,0.05
PC1,6.151237962489407,Benjamini-Hochberg FDR,0.05
PC1,19.887540160522903,Benjamini-Hochberg FDR,0.05
PC1,17.50921779517322,Benjamini-Hochberg FDR,0.05
PC1,19.660593300599555,Benjamini-Hochberg FDR,0.05
PC1,18.997733000131447,Benjamini-Hochberg FDR,0.05
PC1,23.069605523283936,Benjamini-Hochberg FDR,0.05
PC1,0.1850778615206039,Benjamini-Hochberg FDR,0.05
PC1,7.091272261761475,Benjamini-Hochberg FDR,0.05
PC1,8.149270885904969,Benjamini-Hochberg FDR,0.05
PC1,11.398634039439097,Benjamini-Hochberg FDR,0.05
PC1,10.122537003935099,Benjamini-Hochberg FDR,0.05
PC1,8.845652240157904,Benjamini-Hochberg FDR,0.05
PC1,22.011300700548215,Benjamini-Hochberg FDR,0.05
PC1,23.58691396298925,Benjamini-Hochberg FDR,0.05
PC1,6.342764033062942,Benjamini-Hochberg FDR,0.05
PC1,13.35684353993921,Benjamini-Hochberg FDR,0.05
PC1,10.102690686604907,Benjamini-Hochberg FDR,0.05
PC1,8.437030928097464,Benjamini-Hochberg FDR,0.05
PC1,19.912796543431213,Benjamini-Hochberg FDR,0.05
PC1,18.17970162063984,Benjamini-Hochberg FDR,0.05
PC1,6.323219530105092,Benjamini-Hochberg FDR,0.05
PC1,6.633409801666062,Benjamini-Hochberg FDR,0.05
PC1,20.024901986956788,Benjamini-Hochberg FDR,0.05
PC1,16.71315259501833,Benjamini-Hochberg FDR,0.05
PC1,3.6008962214829836,Benjamini-Hochberg FDR,0.05
PC1,6.7159360273459505,Benjamini-Hochberg FDR,0.05
PC1,23.80497323761041,Benjamini-Hochberg FDR,0.05
PC1,20.339342727388857,Benjamini-Hochberg FDR,0.05
PC1,23.53290311998425,Benjamini-Hochberg FDR,0.05
PC1,10.168990542687327,Benjamini-Hochberg FDR,0.05
PC1,8.58938273274756,Benjamini-Hochberg FDR,0.05
PC1,22.79583565284856,Benjamini-Hochberg FDR,0.05
PC1,22.841092750841526,Benjamini-Hochberg FDR,0.05
PC1,20.61921670148368,Benjamini-Hochberg FDR,0.05
PC1,10.052994562072643,Benjamini-Hochberg FDR,0.05
PC1,21.443035577172132,Benjamini-Hochberg FDR,0.05
PC1,0.41944579438596463,Benjamini-Hochberg FDR,0.05
PC1,5.292628429979171,Benjamini-Hochberg FDR,0.05
PC1,0.2664084677767917,Benjamini-Hochberg FDR,0.05
PC1,19.464468439568293,Benjamini-Hochberg FDR,0.05
PC1,0.2607324432650664,Benjamini-Hochberg FDR,0.05
PC1,22.68094826366399,Benjamini-Hochberg FDR,0.05
PC1,3.955284731807552,Benjamini-Hochberg FDR,0.05
PC1,6.532312489759548,Benjamini-Hochberg FDR,0.05
PC1,10.906573643993246,Benjamini-Hochberg FDR,0.05
PC1,8.58873175171236,Benjamini-Hochberg FDR,0.05
PC1,11.602868150739537,Benjamini-Hochberg FDR,0.05
PC1,4.83195672658173,Benjamini-Hochberg FDR,0.05
PC1,18.70784310808753,Benjamini-Hochberg FDR,0.05
PC1,9.639211015086516,Benjamini-Hochberg FDR,0.05
PC1,17.948856005738264,Benjamini-Hochberg FDR,0.05
PC1,23.32628600422956,Benjamini-Hochberg FDR,0.05
PC1,21.703262127025354,Benjamini-Hochberg FDR,0.05
PC1,10.21543517082653,Benjamini-Hochberg FDR,0.05
PC1,10.288238616256248,Benjamini-Hochberg FDR,0.05
PC1,23.301432884895622,Benjamini-Hochberg FDR,0.05
PC1,0.2002558719401364,Benjamini-Hochberg FDR,0.05
PC1,9.400253778757591,Benjamini-Hochberg FDR,0.05
PC1,5.456936976358204,Benjamini-Hochberg FDR,0.05
PC1,20.489311257054858,Benjamini-Hochberg FDR,0.05
PC1,13.950475739807967,Benjamini-Hochberg FDR,0.05
PC1,19.300188241625882,Benjamini-Hochberg FDR,0.05
PC1,6.6975817593818725,Benjamini-Hochberg FDR,0.05
PC1,9.242551176472817,Benjamini-Hochberg FDR,0.05
PC1,10.647660189174408,Benjamini-Hochberg FDR,0.05
PC1,21.27581851205501,Benjamini-Hochberg FDR,0.05
PC1,12.321285417148314,Benjamini-Hochberg FDR,0.05
PC1,2.0630722024925277,Benjamini-Hochberg FDR,0.05
PC1,9.526809304374307,Benjamini-Hochberg FDR,0.05
PC1,20.45372470954223,Benjamini-Hochberg FDR,0.05
PC1,2.4861375137908084,Benjamini-Hochberg FDR,0.05
PC1,0.6271111634468909,Benjamini-Hochberg FDR,0.05
PC1,19.38654724347199,Benjamini-Hochberg FDR,0.05
PC1,1.635125113545751,Benjamini-Hochberg FDR,0.05
PC1,22.171755641873077,Benjamini-Hochberg FDR,0.05
PC1,23.524102112877785,Benjamini-Hochberg FDR,0.05
PC1,6.736539946129479,Benjamini-Hochberg FDR,0.05
PC1,13.044812132752108,Benjamini-Hochberg FDR,0.05
PC1,0.9757590101384892,Benjamini-Hochberg FDR,0.05
PC1,8.200799051683731,Benjamini-Hochberg FDR,0.05
PC1,23.218681372001164,Benjamini-Hochberg FDR,0.05
PC1,9.193786508731009,Benjamini-Hochberg FDR,0.05
PC1,18.0442635521702,Benjamini-Hochberg FDR,0.05
PC1,13.199245988861236,Benjamini-Hochberg FDR,0.05
PC1,5.952710730467345,Benjamini-Hochberg FDR,0.05
PC1,22.46145478858488,Benjamini-Hochberg FDR,0.05
PC1,22.014265973492165,Benjamini-Hochberg FDR,0.05
PC1,15.677878687121638,Benjamini-Hochberg FDR,0.05
PC1,21.330733448478462,Benjamini-Hochberg FDR,0.05
PC1,1.2183658798075037,Benjamini-Hochberg FDR,0.05
PC1,8.605895996832487,Benjamini-Hochberg FDR,0.05
PC1,9.294445886226498,Benjamini-Hochberg FDR,0.05
PC1,7.652188615666027,Benjamini-Hochberg FDR,0.05
PC1,6.472997553354922,Benjamini-Hochberg FDR,0.05
PC1,10.909801130757183,Benjamini-Hochberg FDR,0.05
PC1,6.141023260596317,Benjamini-Hochberg FDR,0.05
PC1,9.983444196717658,Benjamini-Hochberg FDR,0.05
PC1,21.713021805269378,Benjamini-Hochberg FDR,0.05
PC1,11.663702828093415,Benjamini-Hochberg FDR,0.05
PC1,1.2607661269910082,Benjamini-Hochberg FDR,0.05
PC1,6.226592248992105,Benjamini-Hochberg FDR,0.05
PC1,16.211914707104395,Benjamini-Hochberg FDR,0.05
PC1,2.2199334677970626,Benjamini-Hochberg FDR,0.05
PC1,7.98495188975167,Benjamini-Hochberg FDR,0.05
PC1,8.442395250657853,Benjamini-Hochberg FDR,0.05
PC1,2.131832643693734,Benjamini-Hochberg FDR,0.05
PC1,0.03569775224708138,Benjamini-Hochberg FDR,0.05
PC1,10.473093545503767,Benjamini-Hochberg FDR,0.05
PC1,19.02124712599328,Benjamini-Hochberg FDR,0.05
PC1,22.43733534435439,Benjamini-Hochberg FDR,0.05
PC1,8.224218342496677,Benjamini-Hochberg FDR,0.05
PC1,9.714891271734565,Benjamini-Hochberg FDR,0.05
PC1,20.517329494456497,Benjamini-Hochberg FDR,0.05
PC1,19.36034989797249,Benjamini-Hochberg FDR,0.05
PC1,7.747062372256053,Benjamini-Hochberg FDR,0.05
PC1,1.5046637548127606,Benjamini-Hochberg FDR,0.05
PC1,18.85641463984868,Benjamini-Hochberg FDR,0.05
PC1,21.839227200854367,Benjamini-Hochberg FDR,0.05
PC1,10.730215035429294,Benjamini-Hochberg FDR,0.05
PC1,10.610184990481855,Benjamini-Hochberg FDR,0.05
PC1,2.357028884152914,Benjamini-Hochberg FDR,0.05
PC1,7.086547983335681,Benjamini-Hochberg FDR,0.05
PC1,21.17788315196929,Benjamini-Hochberg FDR,0.05
PC1,8.307207645168255,Benjamini-Hochberg FDR,0.05
PC1,19.358660324919253,Benjamini-Hochberg FDR,0.05
PC1,3.5367079989840633,Benjamini-Hochberg FDR,0.05
PC1,20.829444329183563,Benjamini-Hochberg FDR,0.05
PC1,13.335990050200927,Benjamini-Hochberg FDR,0.05
PC1,9.112078211244281,Benjamini-Hochberg FDR,0.05
PC1,23.931505125642225,Benjamini-Hochberg FDR,0.05
PC1,22.79904708574476,Benjamini-Hochberg FDR,0.05
PC1,11.51751835530062,Benjamini-Hochberg FDR,0.05
PC1,6.581113731362919,Benjamini-Hochberg FDR,0.05
PC1,8.33693299073986,Benjamini-Hochberg FDR,0.05
PC1,10.679793911198038,Benjamini-Hochberg FDR,0.05
PC1,11.93201366389679,Benjamini-Hochberg FDR,0.05
PC1,23.47048078756903,Benjamini-Hochberg FDR,0.05
PC1,17.278369376897864,Benjamini-Hochberg FDR,0.05
PC1,22.467091365273138,Benjamini-Hochberg FDR,0.05
PC1,0.7474791974254344,Benjamini-Hochberg FDR,0.05
PC1,22.274448159048823,Benjamini-Hochberg FDR,0.05
PC1,18.750563303912006,Benjamini-Hochberg FDR,0.05
PC1,22.304916848551397,Benjamini-Hochberg FDR,0.05
PC1,17.233994961652655,Benjamini-Hochberg FDR,0.05
PC1,22.0353864193091,Benjamini-Hochberg FDR,0.05
PC1,12.874343686163316,Benjamini-Hochberg FDR,0.05
PC1,4.721143867124063,Benjamini-Hochberg FDR,0.05
PC1,3.637115225620761,Benjamini-Hochberg FDR,0.05
PC1,21.386853499109996,Benjamini-Hochberg FDR,0.05
PC1,2.0539157422180097,Benjamini-Hochberg FDR,0.05
PC1,11.408093176589384,Benjamini-Hochberg FDR,0.05
PC1,2.0804898120528534,Benjamini-Hochberg FDR,0.05
PC1,18.656968469993934,Benjamini-Hochberg FDR,0.05
PC1,4.671811707466492,Benjamini-Hochberg FDR,0.05
PC1,14.350828796872722,Benjamini-Hochberg FDR,0.05
PC1,18.851888988443292,Benjamini-Hochberg FDR,0.05
PC1,14.4048409436243,Benjamini-Hochberg FDR,0.05
PC1,9.816424651848052,Benjamini-Hochberg FDR,0.05
PC1,21.712642440266677,Benjamini-Hochberg FDR,0.05
PC1,7.2485823155570195,Benjamini-Hochberg FDR,0.05
PC1,14.260003669720088,Benjamini-Hochberg FDR,0.05
PC1,18.536499502443974,Benjamini-Hochberg FDR,0.05
PC1,8.665948647607479,Benjamini-Hochberg FDR,0.05
PC1,6.492594797110954,Benjamini-Hochberg FDR,0.05
PC1,20.26967904432227,Benjamini-Hochberg FDR,0.05
PC1,7.332510538734969,Benjamini-Hochberg FDR,0.05
PC1,4.996165267164631,Benjamini-Hochberg FDR,0.05
PC1,6.602912000086533,Benjamini-Hochberg FDR,0.05
PC1,6.632955735894136,Benjamini-Hochberg FDR,0.05
