ACCOUNTID,game_count
203452933,2448
204419427,2266
203625047,2239
204281719,2229
203546740,2118
204043190,2007
204136362,1921
204256244,1886
204588977,1873
204320019,1872
204042621,1841
204423221,1835
202796955,1756
204218733,1742
204288574,1721
204255400,1720
204539895,1712
203408969,1692
204360177,1692
204178309,1691
204244572,1690
200421565,1658
204480362,1645
204131732,1638
203996618,1628
202632858,1628
204323532,1606
204174008,1596
203161766,1585
204697405,1570
204243832,1562
202073856,1562
203604277,1561
202679377,1560
204338643,1540
203832733,1538
204275853,1535
204212631,1527
204419963,1518
201544377,1512
204402880,1502
200342406,1498
204131321,1454
204282100,1453
204352959,1446
201261415,1443
204067077,1434
203938526,1433
204502396,1429
204118864,1427
204434915,1422
678408,1418
203538328,1412
204340869,1408
204222566,1407
203829963,1404
204136538,1403
204411986,1400
204091388,1395
200341784,1389
203764807,1386
204249649,1385
204157419,1385
202588109,1384
200383660,1381
202848645,1381
204667599,1378
202586838,1374
204102673,1371
204407696,1369
201547934,1359
204336937,1358
203649135,1352
204111935,1351
204114284,1350
202367669,1348
204138109,1346
204367836,1346
204487386,1346
200525974,1346
204138590,1333
204756966,1333
204281583,1331
204223502,1331
204193781,1327
204091880,1321
203327674,1320
204137832,1319
201184295,1319
201602458,1316
204333285,1314
203833037,1313
202960355,1312
204494689,1310
203874815,1310
204325585,1307
202981250,1304
203759917,1302
203844069,1300
203803650,1291
204335800,1290
204507798,1290
204205382,1285
204227668,1283
203345938,1280
203830293,1276
204226089,1275
203983315,1275
201166521,1260
203843670,1260
203560019,1259
202790830,1258
204369520,1257
204181002,1257
203962718,1256
204182543,1255
204252571,1255
204152649,1253
200467650,1250
204363165,1248
203864232,1246
204799498,1245
201162579,1244
204577168,1243
202410576,1242
204103694,1241
204039322,1239
200771588,1235
202838993,1235
203782200,1234
203930827,1230
204047207,1227
204047170,1227
204636842,1224
200829606,1220
203490960,1219
203880075,1217
203147870,1214
203892320,1214
204302177,1212
204532655,1210
204528815,1209
204465194,1209
200642093,1208
203638017,1206
204429336,1205
204085296,1205
201752723,1197
203998241,1195
203419587,1194
203930202,1193
204162497,1193
204008391,1192
203819292,1189
204791408,1187
201718168,1186
201472666,1185
202332870,1184
204377369,1183
412087,1180
203980068,1179
204010352,1175
201854169,1175
204489060,1174
204262796,1174
203662635,1174
203086896,1171
1005582,1170
204189011,1169
204300804,1168
204440515,1167
203833722,1166
203519903,1165
202558964,1163
203876777,1162
203844064,1162
204235089,1159
202442568,1159
202763647,1158
204083637,1157
201698449,1153
203289324,1153
204416478,1151
204167186,1150
139100,1148
204198063,1148
200642861,1147
204182367,1145
204175992,1142
204157172,1141
204175581,1141
204707576,1140
204563683,1140
204174505,1138
203904308,1136
204308422,1136
200378310,1135
203419476,1134
204395466,1132
203673618,1130
204142580,1129
203041776,1129
204097727,1128
204224378,1128
204574464,1126
204247972,1123
204299572,1122
204478967,1121
203973600,1120
203953510,1119
187837,1115
204301259,1115
204146752,1114
203923873,1114
203341941,1111
202855245,1110
204358117,1108
204099566,1108
204095115,1106
203073543,1105
200126467,1105
204131373,1104
204148198,1101
204273338,1100
204165080,1099
203969223,1099
204547597,1097
204420078,1097
202711015,1097
204172446,1095
200057248,1095
200942867,1095
203786536,1095
204166313,1092
204508301,1091
204443861,1090
204082984,1090
201550832,1089
204092484,1089
204004295,1087
203896800,1087
203092008,1086
204185418,1084
201819923,1081
204089442,1081
203991099,1079
204316908,1078
203992211,1075
204001482,1074
203295408,1074
202380908,1074
202070434,1074
204203698,1074
203986870,1073
203949395,1072
204340282,1071
203275852,1070
204796556,1067
204495790,1066
204414362,1066
204256923,1066
204626718,1064
203936425,1064
202751219,1063
204245445,1062
203135099,1061
203183976,1060
204269654,1059
203605023,1059
202454498,1058
203001572,1056
204089343,1054
202807401,1054
201953478,1053
204269751,1051
203830264,1051
203841172,1051
202959346,1050
118424,1049
203921998,1046
203800437,1046
204112032,1044
204740821,1043
204580347,1043
204447829,1043
201739509,1042
204008444,1042
203902149,1042
203924863,1041
204574804,1039
203900300,1038
203496071,1036
203732088,1035
204044432,1029
204198020,1028
204157131,1028
203602636,1027
201831308,1027
204400371,1027
204221123,1026
202254764,1026
200887028,1026
204644319,1025
202551766,1023
204321434,1022
204346309,1022
202989102,1021
203791180,1019
204358791,1018
204190726,1017
204527378,1016
203624729,1016
204132851,1016
203624319,1015
201021566,1015
204265724,1014
203094724,1013
204866324,1013
203904001,1010
203688037,1009
204262916,1008
204409069,1006
204127451,1005
203009258,1005
204420331,1005
203238372,1004
204413851,1004
203430951,1004
204746945,1002
202083446,1002
203878127,1001
204297208,1000
200680991,999
201332948,998
203902616,998
1120333,998
203359252,997
214291,996
203986806,994
204099543,994
204301585,992
203688515,990
204213730,990
203581435,989
204163798,989
204428961,989
201515238,988
203318605,987
202325672,986
204170696,986
203744582,985
203176113,984
675808,983
203917010,982
201717769,982
203938037,982
203639498,980
201344663,978
204214491,978
203706691,978
204223349,976
203963052,976
204072198,975
200757830,975
203633260,974
201265093,974
203990266,974
202958425,974
203898165,973
204152324,973
202349179,972
204136619,972
204324816,969
200753205,969
204327834,968
202996310,968
200986012,968
204385335,968
203821555,967
202900474,967
204304354,967
201937295,967
204554920,965
204559132,965
203930075,959
203540359,957
203815755,957
202185970,957
204231798,956
203555916,956
203889592,955
201008347,955
203759779,954
203788306,953
204142461,952
203104453,951
378825,949
203061877,949
201131050,949
204378920,948
201128908,947
202653469,947
204210837,947
204326769,946
204115973,946
203387073,944
204506460,944
204255324,944
204077036,943
203956674,942
204107531,942
204341169,941
204247274,940
203788522,940
204369588,938
202938415,938
204216944,937
203144494,937
200031653,937
203766062,937
203839391,935
204290923,934
204301963,934
204234980,934
203247826,933
201208904,933
204066634,932
204704789,932
204098129,932
203941110,931
204075511,928
202905933,927
293286,927
204526056,927
204507949,926
204399353,926
753834,925
204476024,924
202512080,923
204478299,923
201255975,923
204075095,923
204093255,923
204047002,923
203602302,923
204307353,922
204405218,922
203941095,921
204185095,921
203639087,921
201272474,921
204772948,920
203825130,920
204330221,920
204175929,919
203947002,919
204160085,918
202598853,917
204421720,917
204215549,917
201275680,916
756219,916
201748258,916
204605842,915
202336166,915
204437360,914
201627335,914
203515010,913
203828794,912
204413835,912
204278285,912
204433012,911
204167915,910
204020323,910
204338655,910
204136298,909
200755614,909
203664963,908
203003245,908
203231044,907
200218894,907
204457611,907
1003922,906
204484050,906
204154670,905
203563091,904
203371230,904
204654123,903
204580466,902
203848659,902
203993962,902
204223375,900
203861878,899
203540278,898
204072675,897
203192965,897
203925385,896
204199739,896
203814064,896
204366570,895
204195242,895
204153720,895
200975402,894
204135084,893
203613504,893
204549520,893
204023643,893
202594656,893
204183041,892
1108280,891
203944888,891
200905609,890
201459206,890
203834734,890
200475885,889
203717909,889
202513112,888
203389228,887
204500784,886
204463416,886
204284986,885
203911268,884
204453487,884
204115868,884
203479214,883
204188076,883
204062498,882
203900895,882
204106862,882
203861084,881
204205350,880
203343861,880
204218496,880
204062662,879
203089158,879
204069862,878
204473849,877
203595735,877
204122765,877
204169009,877
203080837,875
204134587,875
204369670,875
204338622,875
583663,875
202202107,875
204287152,874
204340828,873
201035144,872
204165074,872
204010140,871
204360679,871
204122450,871
202397878,870
204121087,869
204416110,869
745505,869
204130510,869
204471211,868
204429561,868
203872333,868
203638514,867
717932,867
201020942,867
203963532,866
200891908,864
602385,863
204272114,863
203904950,862
204447424,862
207037,862
203796140,861
200427014,861
129498,861
204131479,861
771083,861
203578186,860
203840349,860
202893655,860
200467356,860
204674565,860
204401145,859
201342267,859
204739623,859
204573980,859
203274940,858
204065496,858
203986078,857
201603047,857
204687042,856
204731617,856
204529352,856
204128090,855
204451640,855
201936004,854
1133934,853
994803,852
204005422,852
202650104,852
204015739,852
204151527,852
200036605,851
203551608,851
204404362,851
202448330,851
470235,851
204182101,850
203938422,850
204878943,849
204124977,849
201330386,849
203921095,848
200716490,847
203951308,847
204783458,847
204595396,846
201076461,846
202572672,845
203749817,844
202454609,844
203929230,843
204094814,841
204067613,841
204231014,841
202822592,841
203551385,841
204547075,841
202797162,840
204126358,840
204212181,840
204831309,840
201233033,839
201485196,839
204808826,838
203923439,838
203567385,837
203942576,837
202460625,836
204054288,836
200099858,835
204081247,834
203852717,833
204452871,833
204024344,833
202222018,833
203737230,832
203686598,832
204397125,832
203752121,831
204207650,831
204334903,831
204585833,831
201220783,831
202330669,830
204293165,830
204242208,830
204227939,830
204323029,829
204215431,828
127383,828
204008643,828
204318158,827
204690692,827
203961626,826
203415587,826
203646975,825
203879396,825
204554182,823
204026745,822
202857821,822
203743309,822
1133117,820
204432536,820
204158257,819
203303885,819
203573163,819
203765730,818
204304013,818
204465111,818
204714272,818
202963988,818
203696343,818
204227377,818
202195429,817
204572146,817
204334222,817
204716840,817
203936105,817
204185541,816
204307194,816
847392,816
202461393,815
204394197,815
203736326,814
204314643,814
204238737,814
203615213,813
203998397,812
200048293,812
203809728,812
204124193,812
203670750,812
204324441,811
203527385,810
204806337,810
204095798,810
204090827,810
201542519,810
201292365,810
204633143,810
1057998,810
203881396,809
677782,809
203580007,809
201916603,809
203898843,809
203622788,809
204399365,807
204414766,807
201599983,807
202472381,807
537369,807
204121556,806
204049566,805
203206920,805
204431524,805
204001535,805
204482067,805
200633733,804
204369361,804
887271,803
204060725,803
204473398,803
200674440,803
202739951,803
202870911,803
204135265,802
203819265,802
203939393,801
204264897,801
203326663,801
201661816,801
201705782,800
204031510,800
204462542,800
202513346,800
203314649,799
203635851,799
204050321,799
203356778,798
203585038,798
204289416,798
203762157,797
203801087,797
204338939,797
204459482,797
203719448,797
204127622,797
596969,796
203822368,796
202168672,796
203766542,796
203889925,796
203728200,795
204391514,795
204490476,795
204288364,795
204210635,794
203789525,793
203874464,793
204448642,793
204281409,793
204437120,793
203746438,793
204446342,793
204308921,792
204149288,792
203241080,792
204136868,792
203924604,792
203630817,792
204105337,792
204036927,791
204239690,791
202930087,791
204083785,791
204132105,791
204860182,791
204049003,790
204392371,790
202105762,789
201801417,788
204570932,788
204479573,788
202760124,787
203801661,787
202369509,787
200816301,787
204503327,786
204079916,785
204350534,785
204433732,785
202921225,784
204454287,784
204374465,784
204238199,783
204064192,782
203434245,782
202434873,781
203721201,781
1040873,781
201546725,781
105693,781
204218187,780
204312229,780
204029290,779
203914840,779
204036835,778
203462387,778
204198598,778
200879036,778
201946662,778
203587162,778
201532722,778
899590,777
204118167,777
204484015,777
204360547,777
203029922,777
204059542,776
203999064,776
203590313,776
204123814,776
1083323,776
203667600,776
204529229,775
203950432,775
204064981,775
204479916,775
204498155,775
204186630,775
204623327,775
204505116,774
204154010,774
204621298,773
204198141,773
202025901,773
200832882,772
204123859,771
200094937,771
203856253,771
204855121,771
204138753,770
203659181,770
204270162,770
203838070,770
204165996,769
203764087,769
201530568,769
203411518,769
204144969,768
204118541,768
202039010,768
201117268,767
203369691,766
201296608,766
204205341,766
204890107,766
204487590,766
201817629,766
203535853,766
203484926,765
202070242,765
204139310,764
204184662,764
204432428,764
201181659,764
204386349,764
203270865,764
204353597,763
204437237,763
203790725,763
204276030,763
204090408,763
203503972,763
204201326,762
204627283,762
204661652,762
204126900,762
203930481,762
204120086,762
201303969,761
204710879,761
202352755,761
203263852,761
203978337,760
203794362,760
202198393,760
203932541,760
204368408,759
203871977,759
201420214,759
204934912,759
204096148,759
204324911,758
204262166,758
202496657,758
204361248,758
201493740,758
204409998,757
880156,757
203938275,756
203053776,756
204257165,755
1043011,755
201081997,755
203506425,755
202996268,755
200829252,755
204677175,754
203993236,754
202421243,753
203790211,753
204573806,753
203960397,751
204271034,751
204275179,751
203746327,751
200089714,750
1116644,750
203976713,750
204094566,750
204638116,749
204322833,749
204745509,749
233336,749
204097673,749
203995421,749
200796413,748
204098127,748
204062760,747
203988563,747
204119193,747
200617470,747
204466993,747
204080987,746
204155708,746
203591686,746
203848749,746
498484,746
200162205,746
204092847,745
204346633,745
203968446,745
1069262,745
200028155,745
203960164,745
204079023,745
202235209,744
204047627,744
204061807,744
204216245,744
203885800,744
204170191,743
204450824,743
204214887,743
204005631,743
204025451,742
204339526,742
204796988,742
204280040,742
204551163,742
204303906,741
201582803,741
204253845,741
204455714,741
204609416,740
204895334,740
203019344,740
202316483,740
203829378,740
203118073,740
202394479,739
204246128,739
630845,739
201756439,738
203867831,738
201907940,738
200498643,738
204119368,737
204298708,737
202999610,737
203349616,737
203349588,737
203907244,736
203919397,736
203697834,736
201040442,736
203892851,736
203086406,735
